"Geo_FIPS","Edu_2019","Unemp_2019","Income_2019","Built_2019","Rent_2019"
55059000500,14.59,4.72,58750,47,846
55059000602,7.05,5.3,71490,28,892
55059002100,13.53,5.68,40946,45,927
55059001100,32.16,11.31,25548,0,799
55059002601,5.81,6.02,106389,21,1257
55059000400,7.51,3.1,61691,65,781
55059000800,24.64,6.93,43125,69,927
55059001500,8.93,5.44,57300,0,1032
55059002500,5.85,6.23,95386,36,1083
55059001200,20.51,15.68,39646,79,966
55059000100,8.39,5.94,52759,42,876
55059000700,16.58,7.78,53283,48,926
55059001400,6.91,5.39,60357,49,979
55059001900,10.6,7.05,78702,76,876
55059002400,8.73,8.88,57356,44,814
55059000900,12.46,8.73,35294,0,843
55059002800,7.65,4.99,79646,51,796
55059003001,5.5,6.53,88324,44,1247
55059002300,7.2,4.43,71540,48,785
55059000300,11.19,8.57,38826,80,963
55059000601,13.54,5.35,79783,35,1071
55059001300,13.3,7.01,46019,54,962
55059001700,5.58,4.06,54743,0,1120
55059001800,11.86,13.5,39583,0,722
55059002903,10.05,5.3,65216,46,758
55059002905,9.97,3.82,77633,45,1118
55059002906,5.75,3.33,87480,29,1006
55059003002,8.87,7.61,68068,44,854
55059001000,12.73,9.63,35625,32,711
55059002200,6.63,5.72,60305,70,1198
55059002700,3.46,4.58,88488,32,1058
55059002000,5.76,5.14,96471,34,733
55059002602,7.99,4.67,84613,26,1123
55059002904,10.09,7.57,62500,46,1179
55059001600,20.16,8.26,43430,0,895
18089010500,13.3,11.08,23438,0,625
18089011700,19.5,13.61,20625,0,603
18089020100,11.27,7.47,51356,0,806
18089021700,18.26,7.08,51859,69,938
18089040402,2.45,1.75,119063,25,2098
18089040502,5.45,4.97,70417,30,1033
18089041302,16.52,11.15,43000,65,1151
18089042505,9.71,8.95,60877,21,1201
18089043201,6.54,7.38,57018,60,912
18111100600,17.83,5.24,46027,78,637
18127050405,0.31,1.93,118750,63,1568
18127050503,10.23,6.24,54342,53,957
18127050800,7.28,3.72,64523,58,964
18089012500,11.04,21.36,43517,67,988
18089020500,24.95,10.85,48125,79,832
18089021300,9.71,9.41,50496,64,1029
18089021900,17.84,4.65,50757,62,1242
18089030600,25.45,8.52,35056,72,768
18089040200,16.85,5.36,45921,0,807
18089040501,6.33,6.05,64375,43,1201
18089041001,8.65,5.5,48889,49,889
18089042401,5.07,9.24,60060,52,881
18089042501,10.79,3.3,68396,47,1140
18089042802,5.16,2.39,94974,40,1351
18089010100,5.5,11.12,54471,62,762
18089010400,15.63,10.78,28767,75,873
18127051008,7.32,2.85,74762,42,0
18089011300,19.07,16.67,16354,67,525
18127050407,7.77,10.04,51964,47,845
18127050508,12.07,4.18,39470,42,900
18089012000,11.81,7.72,23571,77,903
18089012700,9.96,12.39,37281,60,930
18089041500,20.99,15.56,22072,57,859
18111100700,12.83,3.36,51434,64,700
18127050509,14.2,3.07,49107,29,1020
18073100400,23.84,6.65,65132,33,827
18089011200,8.38,12.09,34457,57,816
18089022000,14.42,8.47,51500,57,887
18073101000,12.01,2.88,81016,26,979
18089031000,30.75,15.72,21760,66,615
18089012600,17.96,21.36,32170,67,981
18089020800,18.87,9.05,30593,69,756
18089030100,11.02,23.33,9645,48,304
18089042403,14.73,9.04,54100,55,976
18089042704,8.75,3.74,67232,44,964
18089011600,17.16,8,35278,63,801
18127050402,8.33,3.12,78803,43,1039
18127050602,2.35,3.6,75494,40,928
18089010201,9.45,8.46,36444,50,768
18089030800,24.02,5.69,40250,0,808
18073100901,8.66,6.22,65648,25,883
18111100500,19.3,5.95,49615,54,687
18073100902,7.6,4.56,64198,29,833
18073101200,11.42,2.74,69920,50,684
18073101300,10.73,5.75,52750,61,715
18089012400,14.35,13.02,31918,70,739
18089020600,23.2,22.32,11893,55,281
18089020900,7.8,3.69,55208,65,914
18089021500,11.73,9.09,64764,0,981
18089030200,28.93,8.35,26944,74,368
18089030500,30.63,13.69,32147,0,733
18089040300,2.35,1.38,69421,51,1083
18089040900,2.27,5.41,77262,61,976
18089041002,5.16,2.3,75417,57,957
18089043101,17.66,0.89,55348,40,880
18089043102,4.97,4.28,90453,51,1063
18089043300,5.32,4.64,96380,26,1456
18127050506,11.26,7.22,64628,42,963
18127050603,2.21,3.82,110319,24,910
18127051102,5.03,3.45,73789,45,996
18127980002,0,0,0,0,0
18089010302,14.11,11.05,27101,49,777
18089010900,20.41,4.55,24688,77,937
18089011900,26.61,19.16,15078,69,0
18089012200,18.74,11.79,21019,65,563
18089043403,6.86,8.29,69481,41,1021
18089043404,10.69,10.78,70402,36,754
18089041800,17.42,11.15,55942,60,943
18089042000,9.41,2.97,62904,45,942
18089042402,9.21,2.88,59840,55,1065
18089042606,6.95,2.39,52452,40,944
18089042608,1.9,4.73,98080,29,1396
18089042901,2.82,8.8,80926,42,999
18089043001,3.91,3.03,78380,42,1132
18111100400,10.63,11.78,64597,42,918
18089020200,18.24,4.22,53300,78,866
18089020300,23.3,6.86,45712,71,830
18089012300,20.17,12.97,32267,71,861
18089012800,22.27,17.7,15682,0,719
18089042605,4.2,5.14,107723,19,795
18089042609,5.63,4.95,96969,27,1500
18089011800,9.88,11.73,34779,67,1004
18089012100,36.88,7.62,21875,77,682
18089040401,6.32,4.42,80916,61,1125
18089040403,8.71,8.42,94360,49,1159
18089040600,7.4,3.08,59013,64,1060
18089040802,7.05,3.93,66354,54,876
18089041100,27.23,12.15,32426,66,931
18089021600,16.55,5.73,57188,78,1011
18089030300,22.71,17.15,25357,74,811
18089030400,37.42,4.22,30918,0,622
18089030700,31.55,6.64,40037,75,657
18089020700,24.03,8.37,33220,0,808
18089021000,17.38,7.5,50806,71,1077
18089021400,21.2,9.45,42665,78,937
18089030900,24.67,6.31,49130,75,691
18073100800,14.98,3.78,63171,44,820
18089042100,17.96,10.58,42297,51,950
18089042200,6.77,6.56,69828,59,1155
18089042504,13.47,6.16,71034,36,1082
18089042602,6.71,5.42,76976,26,895
18089011000,11.14,7.83,39600,67,936
18089011100,15.21,13.73,29591,56,796
18089011500,7.9,1.29,40301,61,964
18127050101,5.03,4.46,87500,32,761
18127050202,7.42,5.01,63480,43,891
18127050203,5.07,8.7,86277,42,1023
18127050501,5.86,3.36,59851,54,868
18127050505,8.06,5.95,64639,43,1282
18127050507,8.22,4.85,52273,26,973
18127050604,3.61,3.93,94130,28,1305
18127050702,5.19,7.49,45471,40,944
18127050704,4.01,0,85859,42,932
18127051002,4.16,3.22,86974,27,958
18127051101,6.35,1.28,69711,36,778
18127980001,0,0,0,0,0
18127050900,6.61,8.52,28516,75,767
18089010304,18.62,8.95,33438,65,810
18089010600,18.54,4.44,28750,75,711
18089041200,27.01,27.06,34036,54,825
18089041700,16.08,8.86,44746,64,970
18089041900,11.79,6.22,68199,62,795
18089010205,10.98,8.37,20058,0,473
18089042607,4.98,3.66,90268,33,984
18089010203,14.77,4.74,32587,68,742
18089011400,21.82,18.27,18851,61,769
18089021100,10.66,5.67,53168,66,1019
18089040700,5.52,3.7,68155,63,950
18089042503,8.9,5.81,49375,30,371
18089042801,4.77,6.81,79189,29,988
18089043002,5.81,5.89,52685,58,1001
18127050103,6.18,2.64,85334,37,705
18127051007,5.1,2.65,95765,34,944
18089043405,9.06,3.62,77625,44,798
18127051005,2.55,2.39,116719,30,0
18089020400,28.49,7.44,44668,80,949
18089042300,8,9.78,65878,31,962
18089042703,3.76,1.18,83839,26,1178
18089042902,5.2,3.31,88277,20,927
18089043401,4.77,3.79,80993,39,1177
18073101100,15.27,1.11,49500,50,789
18127051006,10.92,4.77,66875,43,993
18089041400,10.67,12.09,45313,61,782
18127050703,4.38,4.76,72500,54,1422
18089040100,22.21,10.91,47688,0,933
18089040801,6.67,7.67,74375,60,1053
18089041600,22.59,13.28,38709,62,932
18089042702,6.91,5.3,60600,41,1026
18089021800,18.7,9.43,35682,64,956
18089043202,5.18,1.26,99091,20,1051
18127050300,6.25,4.32,83552,28,1207
17031843800,12.28,26.37,36042,0,963
17037001002,10.77,13.61,22121,38,942
17031243000,7.05,5.04,85362,78,1435
17031250600,13.87,9.99,46184,0,1134
17031251700,13.9,5.12,52857,0,1221
17031260400,31.18,24.28,18750,0,911
17031260500,37.55,17.99,33026,0,1141
17031271500,10.53,8.88,37109,61,1084
17031291200,21.12,17.82,22153,76,1027
17031301100,42.16,8.27,31207,0,763
17031351100,15.93,41.93,11523,48,501
17031380200,10.78,4.82,27724,43,688
17031390400,9.95,19.71,25553,65,764
17031410800,3.15,3.18,38412,68,1026
17031421200,17.39,15.79,19911,75,636
17031800100,0.52,1.42,250001,76,0
17031801400,2.65,2.32,134803,63,2662
17031801902,3.27,0.79,163649,53,3013
17031802100,5.54,3.77,151094,63,649
17031830008,4.45,8.6,85156,40,1672
17031831400,20.62,6.32,33776,0,1048
17031833900,26.19,14.95,32237,0,806
17031834700,32.27,24.67,23125,65,923
17031835200,24.66,9.88,50900,60,790
17031835600,19.45,27.52,23571,0,682
17031836300,2.02,11.43,52440,0,1129
17031837300,16.39,17.46,27656,70,1162
17031839500,19,4.41,19950,50,274
17031841300,28.67,7.13,54275,0,981
17031842500,21.62,34.21,11146,55,490
17089852601,4.05,2.54,103149,46,1529
17089853007,29.81,6.26,60455,43,1133
17089853100,27.03,10.51,57177,65,1330
17089854800,0.78,2.4,135271,20,2037
17043840104,22.6,3.23,49547,47,1073
17043840910,21.02,3.84,64602,49,1455
17043841207,23.01,3.65,67405,49,1337
17031802607,3.4,5.09,123889,63,1700
17031803012,7.11,4.66,74750,37,1305
17031803604,6.36,2.27,79853,45,1289
17031804306,19.07,3.86,69500,58,1680
17031804511,24.38,1.05,58203,44,1075
17031804713,9.69,1.65,91913,46,1453
17031805501,7.86,2.94,112813,57,1728
17031806300,10.02,4.33,94028,68,1039
17031806801,8.83,5.63,71250,59,1353
17031807500,9.81,6.54,116000,64,1750
17031807900,10.43,2.54,100833,61,0
17031808600,3.13,0.88,168750,61,2179
17031810100,3.25,3.64,73438,0,1276
17031810800,10.65,4.06,76294,0,1328
17031812100,1.83,5.64,124667,0,1154
17031813500,34.29,3.01,59228,0,967
17031815100,20.3,2.58,74676,0,1062
17031816600,45.21,6.72,59940,60,1077
17031818100,8.7,4.27,102656,65,1430
17031819500,6.16,2.37,86898,58,1138
17031820902,15.55,5.44,87443,55,1496
17031520200,22.32,16,29630,0,732
17031560200,14.43,31.53,54453,65,945
17031580300,45.36,12.13,48110,0,892
17031580700,37.75,13.06,47000,0,893
17031611600,23.8,22.78,25882,72,726
17031630300,27.39,13.44,51184,75,898
17031640100,13.39,5.23,42895,64,1017
17031660301,25.37,26.03,24230,69,755
17031670300,17.1,12.11,22395,0,923
17031671400,23.82,21.12,23029,78,1034
17031690500,25.7,29.28,26154,0,818
17031710200,18.89,17.79,25288,78,878
17031720200,3.58,5.33,71979,0,861
17031730400,16.28,7.68,80787,70,1138
17031750100,10.24,19.9,43277,63,808
17031750600,9.22,8.15,42949,63,1354
17197880111,17.56,4.4,84167,51,1785
17197880204,7.06,1.27,71860,22,1676
17043841322,11.85,3.63,97674,41,1624
17043841703,15.9,7.32,41214,40,1079
17043842100,1.25,5.58,129145,51,1081
17043842800,4.75,4.95,124010,64,1590
17043843602,4.25,1.12,75855,65,833
17043844801,2.93,2.41,126389,62,1388
17043845509,2.76,0,124063,31,1168
17043845510,4.47,3.98,69732,44,1334
17031822200,3.17,5.5,94211,64,1675
17031823002,9.13,3.36,51995,56,980
17031823901,4.45,4.73,90536,44,1821
17031824122,3.7,3.18,92476,31,1620
17031825200,17.37,4.31,79688,54,1780
17031826304,11.55,21.36,35799,52,1073
17031828602,4.69,4.06,93000,53,1607
17031828900,22.43,20.86,53315,60,981
17031190601,28.13,10.42,56771,74,1255
17031200200,31.11,5.75,46625,0,1071
17031220701,10.14,4.69,70568,0,1179
17031222500,10.61,6.31,90750,0,1317
17031230100,14.55,2.01,56563,0,1190
17031240300,2.25,1.25,125882,0,1698
17031242100,2.8,2.27,143547,24,1779
17031242600,11.24,3.16,63009,0,1214
17089850201,33.71,2.18,64728,54,1390
17089851302,35.45,6.75,52368,0,1104
17031010201,19.67,3.05,45639,68,1120
17031020500,31.34,13.13,44926,76,1094
17031030200,6.58,5.29,74434,0,1166
17031031700,6.68,3.85,56448,0,1024
17031031900,6.95,6.04,69265,0,1200
17031050500,2.93,2.02,162616,0,1691
17031051300,0.85,1.1,188697,28,1673
17031061500,0.46,2.33,123409,0,1811
17031062900,0.5,2.02,131900,66,1593
17031063400,0.45,0.81,105735,68,1479
17031070400,7.84,0,114902,57,1154
17031070600,1.6,2.31,170750,32,1758
17031071300,0,2.25,122621,61,1619
17031081300,1.1,6.04,86207,55,1676
17031140302,17.18,5.62,75789,0,1131
17031140601,24.61,9.03,43988,0,1044
17031150700,14.02,1.95,75545,0,1177
17031160501,22.99,4.78,60349,0,1191
17031171000,12.44,3.93,79750,68,1150
17031440201,8.75,11.14,28849,78,904
17031460500,6.82,7.88,59755,0,783
17031490700,13.69,23.47,44745,66,1292
17031491200,7.43,18.87,39234,73,1120
17031500300,12.41,17.52,42543,0,866
17097860301,18.73,11.44,46618,56,1330
17097861014,3.26,7.24,94000,29,1551
17097861608,6.11,3.97,91859,43,1184
17097862502,36.29,12.83,60577,59,1112
17097862605,16.44,25.1,25444,43,765
17097863903,3,3.2,113929,50,1233
17097864505,1.16,11.9,98299,40,1694
17043846315,2.36,2.95,113553,53,1685
17043846514,4.48,2.82,134116,23,1796
17043846523,0.75,4.8,155655,50,2379
17097864903,1.38,2.29,153148,52,1496
17097865700,0.93,1.18,171696,59,2039
17111870704,4.18,4.93,71765,55,1260
17111871201,4.42,2.66,86325,39,1356
17111871404,3.99,4.45,81691,33,1724
17197880310,1.82,3.97,126646,16,2075
17197880418,10.19,4.42,130457,24,2025
17197881012,6.65,3.47,115385,30,2673
17197881111,3.6,4.39,83305,37,1184
17197881603,11.37,7.39,46503,49,911
17197882602,27.88,7.49,54559,0,1075
17197883206,7.36,7.3,61650,44,1009
17197883401,8.75,4.67,53714,50,855
17197883700,7.03,4.47,53542,59,853
17031824115,8.64,1.95,74318,43,1158
17031400800,25.36,24.14,18954,58,944
17031410200,2.87,8.34,41692,0,1115
17031411200,3.07,5.04,88571,0,1381
17031420300,4.96,18.78,36719,69,1000
17031420700,19.13,38.4,19498,0,1045
17031430300,6.94,26.65,18133,77,1040
17031431200,5.07,11.92,55560,0,1246
17031440102,13.26,9.49,32047,67,845
17031460200,24.51,13.48,28363,0,777
17031461000,28.56,13.31,15956,71,458
17031520300,38.44,16.15,41652,0,840
17031530501,10.23,9.91,43143,78,850
17031560100,28.32,9.24,61905,62,862
17097865802,0.16,4.97,202917,52,0
17031836700,17.79,9.88,30783,72,937
17043840202,12.04,2.1,99327,41,1577
17031030104,11.77,12.73,35988,58,1067
17031030702,3.48,4.37,58299,48,1357
17031030800,5.47,3.15,95688,0,1403
17031031501,19.03,4.8,36917,76,843
17031031800,3.2,3.63,84758,0,1181
17031040600,0.99,1.86,90167,0,1432
17031050300,3.15,3.45,79892,0,1274
17031820606,10.41,4.48,72143,44,1313
17031821002,21.36,3.72,58828,57,1287
17031821401,10.89,12.37,45457,61,899
17031700402,19.07,18.63,70072,65,0
17031804509,22.31,3.37,84375,45,1443
17031804705,11.14,2.93,63277,45,1390
17031804716,6.62,6.49,96667,38,1515
17031804808,4.33,5.66,107931,48,1813
17031805108,11.1,6.17,60435,47,1200
17031710300,13.5,26.41,35568,76,997
17031720100,3,4.81,149605,0,1293
17031730100,10.05,20.11,53125,61,1114
17031770601,7.98,1.47,96442,62,1387
17031805301,12.97,3.14,66250,57,928
17031805702,2.67,2.71,122813,61,2078
17031807700,10.59,3.04,48338,60,1096
17031809000,1.81,1.94,149583,0,2189
17031360200,8.69,10.41,31674,23,861
17031380500,16.75,20.68,20541,14,739
17043840304,11.21,6.54,91011,47,1836
17197883602,5.91,4.97,71416,24,866
17197883902,7.26,3.47,87301,39,942
17197980100,41.77,0,168750,41,0
17043840906,15.19,3.28,59205,46,1106
17043841109,11.46,5.03,67199,45,1184
17043841205,13.44,3.34,87994,43,1170
17043841314,7.47,2.51,122011,42,1680
17031120300,5.36,4.5,127473,68,0
17031140100,23.3,8.51,54394,0,1223
17031140500,12.25,6.17,66818,0,1112
17031150402,7.39,4.63,87708,0,1104
17031150600,8.66,2.8,67957,0,1083
17031151100,20.38,6.41,64063,0,1046
17031160400,14.23,2.72,61815,0,1079
17031170400,13.14,3.6,63542,67,1164
17031170900,17.81,4.96,68958,65,1152
17031190401,17.73,6.52,63750,73,1251
17031190702,42.64,5.56,41083,0,1072
17031191301,36.63,3.28,50046,75,1077
17031200401,42.49,11.07,45074,0,980
17031210800,19.11,3.24,60948,0,1094
17031220902,15.81,2.86,57150,0,1127
17031221200,3.47,2.41,101130,0,1570
17043842300,0.54,2.48,154952,62,2283
17043842500,2.14,3.34,123163,56,1524
17043842710,6.54,3.54,71012,45,1252
17043843500,4.21,3.34,73611,62,1101
17031809800,3.86,4.55,95156,0,1211
17031810200,14.47,2.44,62416,75,1243
17031810702,16.2,1.19,56964,56,902
17031811401,14.42,7.74,69097,65,598
17031812000,0,2.32,121503,0,1169
17031812801,4.32,4.21,68466,65,1074
17031813000,2.02,4.36,114333,0,1193
17031813301,32.97,3.92,41589,0,869
17031814700,19.31,2.95,76735,0,1054
17031381700,0,0,0,0,0
17031390500,1.76,3.84,46442,80,1185
17031815500,14.14,4.09,70917,69,1066
17031816300,25.48,6.32,64073,68,1274
17031826301,12.37,13.36,54347,56,1170
17031570400,30.4,8.72,42332,79,874
17031580200,37.37,6.18,38018,0,939
17031590500,21.26,11.02,67250,0,1037
17111870302,29.25,7.29,50568,56,912
17111870807,7.45,2.97,98476,45,1196
17111870903,15.69,4.9,55974,74,996
17031600600,35.85,8.3,37670,0,932
17031611200,24.76,10.98,27800,0,733
17031611700,25.91,24.86,24444,74,821
17031620300,34.96,15.52,55779,64,1112
17031630200,29.3,11.68,37422,70,897
17031640400,18.34,7.85,59398,57,949
17031640800,17.08,9.35,51944,69,918
17031660302,34.08,19.86,30891,69,912
17031280800,19.09,16.1,18077,35,534
17031283100,4.2,8.13,38705,45,1627
17031290900,20.97,32.15,25542,68,964
17031300700,55.81,10.53,40789,0,876
17031301702,42.71,8.62,43771,0,820
17031310500,29.84,3.31,45417,0,1009
17031340300,39.61,4.72,33333,56,607
17031340400,25.78,4.81,50256,62,938
17097861010,5.7,7.02,90909,32,1405
17097861301,17.21,7.83,58247,35,1303
17097861404,23.32,4.31,66186,46,1204
17097861607,5.16,4.77,68140,51,1268
17031826600,14.01,19.4,39266,65,1095
17031801701,0.62,2.18,186111,55,3000
17031801901,4.91,6.04,93207,38,1837
17031802402,16.79,2.19,63575,33,1098
17031802609,17.64,2.08,55354,45,1193
17031803010,2.78,4.31,113750,43,1343
17031803300,5.88,3.37,108891,46,1364
17031819400,6.83,3.35,76418,55,1052
17031820104,8.07,3.15,75603,50,1160
17031823303,9.86,5.16,71544,55,980
17031823605,5.53,4.17,62500,47,911
17031823805,4.58,3.64,54392,44,1241
17031818402,6.8,4.26,74789,63,1322
17031230300,29.61,9.12,50242,0,1017
17031240200,4.85,3.57,148009,65,1599
17031240800,9.65,5.17,54632,0,1129
17031250500,10.28,8.32,96920,74,930
17031251100,27.05,12.27,19938,0,985
17031800300,1.47,1.72,207500,78,1617
17031801300,2.64,5.07,164306,0,1071
17197880507,9.25,4.02,83309,19,1322
17197881002,3.88,3.43,104236,35,1599
17197881011,5.38,3.59,99767,32,0
17197881116,2.39,3.16,135250,24,0
17197881601,5.36,3.31,68194,55,1174
17197881700,3.57,6.55,69940,69,1186
17197882601,17.83,4.1,60969,66,1322
17197883208,12.63,1.12,55076,31,1223
17197883216,5.16,1.89,106094,42,0
17197883510,3.52,3.75,113782,20,1558
17089850101,14.05,8.5,67743,19,1312
17089851000,15.92,5,51354,47,1108
17089851101,22.09,6.61,56372,67,1133
17031838200,6.83,5.26,61458,0,1144
17031839800,15.8,3.02,60590,0,1085
17031840100,17.7,9.87,50469,0,956
17031841200,27.03,6.17,45700,0,984
17043844001,3.14,2.52,126579,55,1539
17197880112,10.8,2.88,96071,43,1577
17197880412,8.95,8.15,88325,27,1368
17197880505,22.34,8.32,80142,42,1683
17031841600,29.98,13.22,24848,0,1182
17031842100,24.73,9.57,38603,73,973
17031842800,34.43,4.08,36439,0,935
17031843700,16.15,2.75,114886,39,1085
17037000700,4.98,4.63,64444,40,892
17031827400,16.93,18.62,22561,55,968
17031827802,6.4,7.06,73409,57,1195
17031828402,12.18,9.39,52381,52,1047
17031828802,7.89,5.27,73510,61,1542
17031829200,26.13,8.38,46875,69,998
17031829600,13.47,10.16,53911,56,860
17031830007,5.2,21.4,47466,40,968
17031830300,3.98,13.92,38043,62,1086
17031831000,1.14,1.65,149722,28,2127
17043843100,9.95,3.53,54602,60,1069
17043843900,0.39,3.9,128611,67,1264
17043844305,6.8,2.51,64183,38,1679
17043844702,4.92,0.63,151250,43,625
17043845505,7.85,8.96,80223,45,1138
17031661000,19.43,30.36,34230,67,1060
17031670200,20.9,24.87,28250,0,913
17031671100,17.9,14.41,33571,0,900
17031671900,28.1,10.62,47400,78,1203
17031681300,19.13,32.34,25360,78,836
17097864204,11.05,2.86,76712,29,1177
17097864409,12.44,4,98244,40,1166
17031832000,2.66,5.65,121500,49,1866
17031833300,3.99,4.8,56136,76,1631
17031834000,17.03,13.28,45822,73,1133
17031836900,16.57,12.5,27904,59,777
17197880107,10.79,4.96,64969,45,1570
17031804404,27.94,6.1,76964,43,1662
17043840000,29.2,5.59,64009,51,1101
17097862501,46.67,8.41,45657,68,1054
17097862700,52.37,11.86,32444,78,870
17097863006,0,0,0,0,0
17097863400,0.74,3.77,151591,0,1684
17031691400,7.95,10.58,36363,0,1038
17111871109,5.52,2.63,124833,22,1891
17111871307,5.61,5.48,95104,37,1180
17031803702,2.96,6,109234,52,1509
17031804106,1.78,2.35,116667,39,1681
17031817000,17.85,5.5,49468,67,969
17031818200,5.71,4.53,80764,66,1343
17031824107,8.04,7.8,72289,41,1339
17031824123,3.97,4.47,71671,44,1332
17031825000,17.33,6.82,63581,46,892
17031825504,7.3,8.57,51875,46,1297
17031050700,2.57,1.52,134583,0,1963
17031051100,6.28,0.6,145000,64,1436
17089852002,4.52,2.18,91624,43,1440
17089852500,5.23,5.41,95483,41,1324
17043845807,2.45,2.93,100250,37,1083
17043846102,2.77,5.1,77109,41,1269
17043846205,1.79,7.51,147829,37,1156
17043846308,7.07,4.74,68750,43,1206
17043846408,3.19,6.08,158808,23,1714
17043846511,12.75,6.82,86096,35,1678
17043846513,3.37,1.33,137222,0,2150
17043846522,1.66,0.93,112250,23,1676
17031252000,17.26,11.81,19921,0,843
17031260100,34.63,19.02,14505,78,556
17031260200,20.75,15.56,35192,76,1119
17031260700,27.34,18,22222,0,1118
17031271200,24.92,15.21,32159,69,892
17089852807,3.07,2.81,123095,17,2019
17089853001,11.82,2.1,70813,25,1424
17089853006,24.83,8.41,72813,48,683
17093890201,8.98,8.02,72577,41,1608
17097860103,6.11,7.65,100125,44,1013
17031060300,2.01,1.79,112574,0,1517
17031061200,1.87,1.85,138000,0,1862
17031062000,0,2.23,77222,0,1464
17031062500,1.14,4.83,150240,77,1956
17031062800,1.4,1.95,156875,55,2137
17031080201,1.22,4.59,91961,54,1650
17031081000,4.15,1.63,64640,41,1421
17031081700,0.55,3.09,101758,18,2055
17063000900,9.02,7.88,65132,55,954
17031010503,19.06,7.91,18516,71,727
17031020200,15.93,6.07,94115,66,1059
17031020602,15.65,4.35,57045,0,1323
17031805112,18.44,3.09,59180,56,1069
17031808001,11.01,3.83,101384,61,2024
17031815900,4.83,3.79,58859,50,1049
17031809900,1.24,3.95,130208,0,1632
17031803800,5.37,3.13,93262,63,1118
17031804710,2.85,2.46,86333,46,1418
17031805600,2.07,3.52,143824,76,1273
17111870904,9.34,6.66,66172,53,1080
17197883603,12.92,9.57,59940,59,819
17031802403,2.53,4.02,70511,34,1438
17031803014,13.09,4.53,70505,41,1247
17031804508,19.2,3.03,61148,42,1174
17031221600,1.65,0.85,137159,0,1798
17031241500,2.81,2.03,141983,79,1880
17031243300,9.4,0,99038,74,1532
17031261000,16.61,12.55,33350,0,1055
17031310400,12.27,0.87,81618,0,1194
17031380700,18.56,22.86,43250,60,1034
17031431301,10.85,18.64,27361,0,905
17031480300,3.5,8.05,37386,72,1034
17031491300,22.42,16.47,35250,0,1187
17031570300,29.13,8.07,48629,68,1002
17031611300,38.03,20.37,26600,0,750
17031670800,31.34,19.7,24597,0,731
17031691300,8.02,26.87,43676,0,918
17031750200,0.62,3.09,80561,0,931
17031671300,20.71,34.57,27882,0,681
17043845508,3.73,4.26,66094,43,1716
17031823705,10.78,5.91,59018,52,928
17031826100,18.97,18.11,41792,71,1408
17197880113,23.35,5.7,51298,48,1344
17197880307,5.42,2.83,91151,24,1762
17197881800,25.8,7.92,50302,0,925
17197882801,23.81,2.92,46250,46,724
17197883517,4.26,4.5,94330,42,1097
17043845200,2.24,3.15,212250,52,2483
17031010100,11.72,6.58,32474,0,922
17031010702,18.25,3.47,44583,74,1044
17043841802,2.67,5.57,128527,45,1875
17043843301,11.42,5.72,86544,57,1389
17043845602,3.26,2.96,88795,56,969
17043846310,9.58,4.18,64548,47,1331
17089853005,13.65,5.13,47320,46,993
17097860806,8.39,3.91,78776,38,1040
17097862402,50.03,8.14,42898,71,924
17089850202,41.86,6.98,57606,55,1319
17031200300,32.18,6.21,53798,0,991
17031222200,1.84,5.68,150625,0,1987
17031300900,56.16,3.84,29098,0,766
17031310300,25.85,8.81,51607,63,1102
17097863500,0.66,4.53,131836,43,1329
17031480400,7.13,7.37,53946,70,1149
17031832500,7.27,3.51,148802,44,1819
17097864901,0.03,3.33,194167,56,2054
17111871208,4.28,4.2,106458,25,1650
17197881006,5.21,3.2,94500,43,1667
17063000102,5.2,4.95,81214,19,1071
17089851102,35.04,4.8,66875,0,899
17031806201,12.12,6.23,49054,21,1102
17031806501,24.86,7.97,51156,62,1294
17031808002,7.49,4.83,79741,63,1764
17031812301,4.64,5.37,86363,48,1928
17031815300,12.34,4.48,73750,0,863
17031820603,20.59,7.34,59717,32,1318
17031822302,16.32,4.84,54904,46,1112
17031829100,27.33,17.39,30862,76,867
17031833100,5.63,2.04,132391,19,2316
17031835500,23.28,23.06,23922,60,550
17031840200,29.66,5.11,61806,68,1030
17031020701,7.86,6.08,97250,76,1394
17031030400,8.98,5.21,57500,0,948
17031050800,0.72,5.69,116488,75,1682
17031062400,6.3,2.17,133897,29,1814
17031070103,1.66,1.22,61118,55,1382
17031081900,2.04,0,194167,45,1069
17031151200,14.07,5.57,76885,72,1073
17031190701,38.51,6.67,42270,0,1008
17031812500,9.37,4.92,65438,0,914
17031817300,12.94,10.19,43542,77,1069
17097861009,3.66,3.99,119299,25,1865
17097864518,1.49,4.38,135052,38,1826
17037002200,5.87,20.38,14342,43,873
17031821402,6.09,8.48,48091,61,895
17031822802,7.81,9.06,64844,60,1209
17031825801,6.78,19.42,44470,47,968
17031830201,7.74,11.02,59662,47,1099
17031835800,12.12,16.4,66944,58,1219
17031841500,13.76,13.71,31944,0,1060
17031843600,11.09,18.61,39167,51,1148
17043841209,3.77,5.18,100795,29,1614
17043841902,2.83,3.19,97292,62,1067
17043845507,4.36,2.81,102308,52,1938
17043846312,1.31,5.6,66818,44,1249
17043844701,6.21,3.66,84250,50,1513
17031210400,26.83,6.43,51083,0,1096
17031241100,4.1,4.34,80524,0,1375
17031243200,4.13,1.99,123942,0,1692
17031260300,33.87,20.06,23289,0,1002
17031330200,5.6,2.09,81389,29,803
17031440600,8.29,10.6,68317,62,895
17031500200,13.58,27,31410,0,921
17031600900,10.59,6.2,57788,0,1053
17031670100,30.81,31.92,27500,73,685
17031700301,25.8,9.03,69620,63,1195
17031802506,16.96,2.8,85648,56,1245
17031010400,3.78,7.05,39700,0,1004
17197880105,14.51,3.7,82248,39,1727
17031829000,12.41,28.49,21192,67,837
17031831300,19.4,10.51,46333,0,1035
17031381400,7.16,9.36,42960,0,1043
17031081401,1.82,2.55,79960,48,1992
17031221400,7.69,2.44,90592,0,1611
17031240700,14.13,5.2,86667,0,1174
17031291600,25.86,0,53750,0,969
17031190900,32.63,4.8,54750,0,932
17031420400,14.52,18.53,13676,63,844
17031804405,28.24,5.81,59965,29,1025
17031836200,0,14.52,0,0,1354
17043841901,0.86,3.89,150927,49,2350
17089854200,46.03,8.5,43192,0,1109
17031610300,39.41,10.9,32679,79,739
17031803008,3.57,2.09,113179,47,1223
17031804610,1.94,3.2,67319,37,1411
17031813801,36.3,5.97,47244,0,898
17031823806,7.26,8.29,48050,55,974
17031040402,1.06,2.54,87479,78,1360
17031060100,4.25,1.73,94800,0,1563
17031070300,0.88,3.09,145855,44,1976
17043843601,6.26,5.24,78345,66,1184
17043844202,6.6,5.72,95938,57,2068
17031030900,7.78,4.05,107148,0,1557
17031100400,7.89,3.87,99710,67,1688
17031161100,5.02,1.78,143438,0,1473
17031611000,32.65,21.38,19975,0,805
17031650100,31.71,10.67,43750,64,899
17031680500,17.97,35.66,24335,0,1000
17197881401,29.31,4.17,42801,0,1115
17197880901,7.7,2.71,63875,18,1664
17031230200,33,9.76,57250,0,1147
17031231500,22.05,24.02,30927,0,943
17031824119,7.87,4.23,106607,25,0
17031825600,14.04,13.83,48967,60,1291
17031827000,12.84,16.04,28763,63,976
17043841002,4.72,5.82,117143,51,1678
17031809300,5.52,1.33,30774,64,1152
17031811000,5.26,4.14,82750,65,984
17031813400,44.2,5.64,50426,0,1084
17031252201,23.28,14.23,32831,69,1026
17031420800,12.02,9.57,39167,75,1152
17031460600,18.19,25.53,40110,0,840
17031804608,5.71,4.63,88149,40,1668
17031804902,9.45,5.76,93086,56,1628
17031270500,35.71,24.9,15571,55,943
17031280900,11.82,24.73,17569,42,471
17031292500,23.02,14.8,40938,0,1075
17031301802,44.49,14.19,31875,0,787
17097861505,5.74,3.31,106607,33,1589
17097862902,26.38,6.25,39167,63,813
17031130100,10.59,3.66,47875,63,400
17031820000,0.15,6.71,228125,51,2685
17031821102,17.43,7.53,61645,62,1054
17031839600,13.7,9.95,32401,0,1003
17037001500,16.05,10.31,48295,58,974
17197883903,5.48,9.35,93906,29,1076
17031160502,22.29,5.55,56875,0,1088
17031190800,35.37,11.46,51953,0,1117
17031222600,12.61,3.7,79231,0,1228
17089853008,24.84,3.19,58594,42,1115
17031720600,2.4,5.21,113964,0,1042
17031802003,8.58,4.37,105066,52,1418
17043845808,3.31,6.3,137414,23,0
17043846509,7.77,0.74,84024,25,1645
17031050100,6.12,2.59,113352,0,1478
17031051200,4.27,1.89,141944,79,1672
17031071700,0.81,1.4,187614,67,2230
17031824702,14.44,6.47,51038,57,1008
17031832900,0.87,9.95,63527,74,1684
17031805106,5.4,2.65,72022,46,1166
17031640700,16.48,10.05,56250,70,1268
17031530300,12.44,15.82,41076,57,953
17031836000,4.56,14.46,65463,75,1156
17097863604,4.94,3.86,152500,49,1544
17031010502,6.13,3.27,39388,78,1008
17031080400,8.33,8.19,41250,31,809
17043842604,4.88,2.67,69046,39,1151
17043842709,2,3.08,94800,51,1479
17043843000,4.96,2.34,99777,67,1224
17043843400,3.31,4.94,96328,60,1145
17043844002,1.69,2.39,177679,63,1929
17043844304,3.31,3.17,82462,46,1372
17043844306,15.03,7.17,62464,52,1734
17097865200,16.71,1.89,67411,70,1335
17097866000,5.43,6.57,86690,26,1229
17097864904,1.03,5.43,100509,32,2117
17097865000,5.8,2.75,203750,52,1838
17197882000,36.44,6.34,31356,0,789
17197882300,20.13,9.32,47159,67,957
17197882500,26.72,10.46,40855,77,1131
17197882900,20.84,5.41,48571,66,972
17197883209,7.26,7.53,82725,30,1925
17197883212,4.64,4.88,117440,18,0
17197883303,1.92,0.89,112500,24,0
17197883509,7.16,5.58,81864,27,1245
17031480100,6.19,8.51,60000,69,887
17031480500,13.16,10.87,32188,77,910
17043842601,1.29,7.11,156964,35,1828
17031410100,4.83,5.34,48194,73,1263
17031420100,12.89,22.88,18411,49,816
17031420600,12.02,28.36,20871,72,905
17031430600,6.83,29.37,36103,0,858
17197883511,3.25,4.57,92632,37,1174
17197880306,3.69,4.58,160597,21,2151
17197880308,4.94,7.55,150764,18,1946
17031490300,7.46,12.43,57301,70,1283
17031490600,16.35,17.29,37176,59,1665
17031490800,9.46,22.91,40186,67,885
17031490902,13.54,8.97,44932,63,902
17031491100,15.32,14.59,42763,70,1093
17031491400,18.86,36.09,33290,0,954
17031500100,7.59,6.85,46476,59,919
17031510200,16.85,17.37,48864,74,1126
17031510300,14.81,28.21,28561,74,1135
17031520500,22.01,7.64,63819,71,1046
17031100600,7.29,1.75,77813,67,1098
17031829302,23.06,10.56,32000,51,924
17031829700,9.11,21.7,40432,54,802
17031830003,4.18,12.28,96379,25,1656
17031830005,4.37,10.27,97000,44,1810
17043841204,10.04,3.78,86146,43,1635
17043841308,5.99,5.8,126886,0,1806
17043841315,8.5,5.43,79452,43,1151
17031222800,13.68,6.93,50313,0,1119
17031230900,23.49,2.03,55104,0,1169
17031231200,35.85,14.04,33423,0,1046
17031240600,5.2,3.5,102083,50,1579
17031241300,3.08,2.81,154792,0,2220
17031241400,5.36,1.4,120833,0,2081
17031760802,10.82,2.32,54177,48,1043
17031760803,12.1,5.92,44918,48,1105
17031770300,7.58,3,82196,56,1360
17031560400,39.61,10.28,60581,57,1282
17089850302,25.41,6.83,55298,50,995
17089850500,5.68,3.13,73111,56,1121
17089850800,36.89,4.26,63730,0,1265
17031570500,26.45,10.88,44934,58,1010
17043841318,9.36,4.07,103807,27,2036
17043841327,4.99,3.88,132921,36,1370
17043841503,39.52,4.02,85525,57,1492
17043841504,20.22,5.38,68569,0,1159
17089852808,6.64,2.01,87473,37,1341
17089852905,27.26,6.89,48526,61,754
17089853400,52.79,4.11,50417,0,1029
17097860808,4.8,8.15,70625,54,1000
17097860811,3.75,5.59,103542,41,877
17097860904,1.88,2.83,69234,44,1330
17097861012,3.9,2.82,74167,42,1100
17093890101,8.15,4.74,103078,16,1721
17093890202,15.47,5.13,65486,55,1544
17093890302,5.8,5.38,81736,45,1663
17097864105,6.25,1.16,114497,21,1895
17097864205,6.72,3.93,91742,20,1356
17097863601,1.64,5.16,213036,30,2522
17043841603,19.71,2.72,66224,42,1082
17043841605,17.66,1.06,66136,36,1101
17043842400,8.49,4.85,84239,62,1062
17043841108,11.39,5.94,79292,44,1590
17043841110,12.28,3.34,96250,45,1714
17043841606,3.14,3.01,101875,27,1660
17043841705,11.92,6.67,69955,39,1336
17043841706,18.84,4.67,70278,42,1099
17043841801,3.59,4.41,110052,58,1365
17043842000,0.62,3.58,164167,65,1913
17197880115,15.78,9.01,67632,44,1640
17197880118,2.02,2.84,174130,32,2625
17197880119,2.36,5.02,141960,33,1688
17031580502,32.06,10.18,37943,0,844
17197880121,2.29,2.22,119810,21,0
17197880202,16.78,4.66,73900,46,1397
17197880304,1.12,4.68,170353,30,2363
17197880305,0.97,1.48,179659,25,0
17031802200,1.13,5.44,125375,54,1791
17031802503,8.35,5.34,81543,0,1451
17031802610,4.71,1.7,93194,53,1625
17031802900,0.77,2.44,142900,54,2094
17111870101,6.37,6.98,81047,33,997
17197880312,2.37,2.77,157406,15,2154
17197880410,10.67,2.71,101250,18,1888
17197880414,6.13,3.71,80559,38,1462
17197880503,4.02,3.01,55128,26,1981
17197880601,2.79,5.34,102292,44,1456
17031803007,4.86,4.1,106838,43,1468
17031803200,4.07,3.79,91009,52,1007
17031803500,2.25,4.49,114375,58,2210
17031803610,2.32,1.82,65569,36,1243
17031803701,9.52,2.42,89896,39,1231
17031804000,9.16,5.04,77188,61,1457
17031804108,4.29,6.48,91616,39,1421
17031242000,5.46,2.95,116066,53,1549
17111870200,14.07,3.83,75380,42,1042
17111870401,3.91,2.61,81966,36,1402
17031120400,9.89,3.62,99306,0,1208
17031140701,18.47,4.58,71125,0,1181
17031150401,8.62,4.76,63125,79,1080
17031151002,30.59,4.85,62483,0,1053
17111870702,7.73,5.93,83634,34,1452
17197880903,11.24,7.8,45553,44,1073
17089851600,35.32,6.06,59286,0,898
17031600400,18.51,9.11,37786,0,936
17031610400,44.02,16.89,40758,0,797
17031611100,19.22,21.09,28264,0,749
17031611800,19.43,22.98,40870,68,892
17031620200,26.69,8.41,58382,59,1008
17031630800,34.09,15.9,51419,70,816
17031650200,27.85,13.66,51658,66,981
17031650302,38,9.03,49130,67,1200
17031660400,42.52,10.62,46289,80,788
17031660900,10.67,25.59,34574,73,1055
17031670600,20.4,26.42,26250,0,728
17031671200,25.17,44.06,24896,0,1053
17197881001,4.61,2.34,94185,34,1399
17197881107,3.6,6.5,84087,53,1147
17197881113,2.83,5.36,113043,31,1550
17031805801,0.98,1.69,95733,60,0
17031805901,9.08,2.62,81250,41,1615
17031806004,10.97,8.98,47763,49,983
17031071000,0.27,5.73,147552,0,2085
17031071100,0,3.41,160662,0,2040
17031071500,0.62,1.95,99510,47,1775
17031071600,1.66,2.77,147031,48,1505
17031071800,3.52,2.43,131734,43,1698
17031081403,0.44,2.4,115642,20,2153
17031160300,11.84,2.6,57568,79,1047
17031081600,1.06,1.28,130673,22,2164
17031242200,2.58,1.19,124107,77,1638
17031242400,5.37,2.86,95357,0,1515
17031242700,14.5,4.02,52415,0,1086
17031242900,3.19,0.37,101216,0,1404
17031243100,10.75,1.6,110385,0,1476
17031243400,8,2.29,102625,68,1621
17031243500,0.93,6.28,129028,23,1966
17031250300,16.65,9.5,34141,74,1027
17031251400,19.41,4.65,33625,0,811
17031251900,13.85,20.33,21106,0,895
17031252202,31.35,24.58,28105,78,959
17031672000,14.72,29.4,36438,0,1141
17031681400,21.88,18.83,43750,0,875
17097860500,23.9,14.85,37006,65,1102
17031160602,13.06,1.62,66776,0,1086
17031161300,21.43,5.12,51578,0,967
17031170300,12.15,1.86,67298,66,1067
17031170500,5.5,2.65,88684,62,1195
17031190300,32.65,3.91,54239,0,913
17031191100,26.22,3.84,51421,0,911
17031191302,34.08,9.57,45962,0,1087
17031210601,20.77,6.25,75461,0,1168
17031210700,13.7,5.06,68220,0,1223
17031220300,6.71,4.29,98973,0,1484
17031221100,9.47,4.81,65938,0,1231
17089853900,4.36,3.31,75278,73,1227
17089854301,37.79,7.39,48842,0,1136
17089854400,26.22,5.72,53776,23,1325
17031817101,7.91,10.96,42466,63,1000
17031817900,13.01,13.69,53118,66,1003
17031818401,6.74,3.75,68355,63,1162
17031818500,5.35,5.54,85989,55,0
17031819300,7.76,1.37,74792,77,820
17031819801,0.41,3.57,178500,70,2036
17031820103,11.07,3.01,71588,53,1151
17031820202,20.41,5.37,54194,45,1033
17031826402,6.63,13.93,55753,56,1488
17031827300,18.76,7.79,22500,72,771
17031827600,7.89,21.98,37654,58,1278
17037000300,4.91,3.99,81528,60,807
17037000600,5.97,2.66,61549,64,1034
17037001400,3.99,3.19,70833,27,899
17031816900,18.49,9.26,61923,65,1260
17031824900,15.48,13.77,41090,58,1194
17031825304,8.38,3.1,70781,37,1141
17031825505,5.36,19.18,56509,43,1394
17031825803,10,17.79,51217,45,837
17031826202,13.11,20.83,39852,63,941
17031831100,23.4,5.35,60540,0,1147
17031831900,0.82,1.45,131500,72,1790
17043840600,4.57,2.97,119471,60,1176
17043840705,10.38,5.72,98636,48,1341
17043840901,7.78,4.66,85784,45,1102
17043840907,13.24,2.05,60139,33,1080
17031830600,17.6,6.16,47227,80,1023
17031830900,9.58,0.91,102246,0,1553
17031808400,8.82,3.43,94402,60,1438
17031832400,4.69,2.88,100972,0,1780
17031832600,1.17,0.97,152328,45,2186
17031834400,12.18,12.94,55341,47,1264
17031834500,13.01,18.55,32756,77,1049
17031834600,21.59,16.84,27631,58,721
17031834900,33.77,33.62,17522,71,800
17031808900,0.76,1.21,150175,77,1539
17031809400,1.21,2.56,60031,31,1642
17063000700,6.77,2.92,80707,35,1081
17031020100,18.37,5.97,48841,68,1121
17031020302,5.96,7.53,77500,72,1207
17031020801,25.52,5.94,54052,0,1242
17031221300,10.47,2.63,71402,0,1222
17111870810,5.62,4.28,96328,41,1176
17111870902,5.31,4.86,85096,24,1067
17111871004,5.71,2.97,75625,36,893
17031260800,17.12,22.61,21613,0,998
17111871108,5.07,3.68,117582,22,1680
17111871206,5.59,7.62,111216,23,1906
17111871304,3.61,0.63,79926,43,1500
17031807800,9.75,2.61,106473,63,2729
17197881302,50.2,3.56,47371,0,969
17031770500,44.02,3.18,41663,36,1054
17031800600,1.26,5.27,238182,0,3179
17031800900,2.8,4.19,122857,62,2506
17031801601,2.67,3.69,111082,38,1820
17031801606,2.19,2.12,119113,46,2137
17031802004,9.01,5.62,37406,47,1068
17037001900,6.09,2.25,77500,48,1026
17031823001,10.46,9.46,49034,46,1018
17043846507,7.55,5.08,87838,22,1661
17043846519,1.26,6.5,99879,32,1749
17043846603,26.32,6.63,54127,54,970
17031030706,4.35,10.38,43512,0,1153
17031031400,3.88,1.83,70237,57,1185
17031040201,8.07,1.73,73475,0,1355
17031040800,7.27,2.61,85577,0,1374
17031050200,6.74,4.01,94821,0,1241
17031809600,16.11,12.5,74233,0,1405
17031051000,6,0.64,126250,73,1781
17031060400,1.09,5.19,132143,69,1544
17031061100,0.65,0.44,117500,77,1815
17031061902,0.86,7.8,76792,64,1464
17031062600,1.62,3.34,164286,27,1641
17031063100,0.74,4.47,90978,57,1495
17031063301,2.34,1.06,60361,69,1230
17031090200,3.49,1.21,108583,64,1422
17031100200,7.09,4.52,80817,67,1036
17031110501,12.85,5.05,84273,0,1154
17031120100,2.94,3.12,140417,71,2077
17063000500,4.54,2.25,87500,47,950
17097864516,4.29,4.24,129342,43,1941
17097864517,1.56,5.06,158182,30,2677
17097864520,1.52,3.97,143393,36,1943
17097864601,0.38,3.43,201000,36,2213
17097864700,0.45,1,204904,47,2353
17097864802,0.62,3.67,162375,41,2373
17031280400,18.91,10.4,39544,18,1162
17031281900,1.21,1.68,109104,33,1861
17031292400,28.62,6.62,32589,0,1090
17031300500,55.47,7.04,40083,0,812
17031301801,37.95,8.86,37000,0,875
17031310200,13.56,6.97,75054,0,1433
17031310900,34.19,7.66,41929,0,967
17031320600,0,3.19,102125,19,1943
17031350100,0.35,4.09,44896,56,1174
17031351500,7.01,18.12,16250,13,864
17031770400,6.77,2.59,77205,55,1136
17031381800,9.15,6.38,40833,79,1099
17031390200,5.54,6.55,87500,56,1186
17031400400,19.57,24.31,36591,48,1092
17031691000,14.63,16.24,42538,0,1024
17031691500,18.58,39.73,17011,0,894
17031700401,14.62,9.14,65000,64,1203
17031710500,10.21,17.29,30177,73,899
17031710700,15.18,14.34,19467,75,665
17031711200,14.08,8.74,45298,68,1070
17031720500,2.99,1.94,111667,68,1136
17031720700,7.09,5.14,67438,74,929
17031730600,7.72,15.02,43274,75,911
17031740200,5.21,2.7,105655,64,1076
17031740300,1.71,2.84,127069,66,1192
17031740400,3.72,4.31,85064,63,1043
17031822702,9.61,8.18,61342,54,993
17031822801,4.12,5.59,62010,49,985
17031835100,41.16,9.1,41938,77,876
17031835700,0,45.92,49880,9,1039
17031835900,18.14,13.19,20139,37,469
17031836100,14,17.31,25451,50,907
17031836500,10.79,12.77,45930,35,972
17031838000,12.21,5.54,26971,33,484
17031838300,8.43,3.22,95139,15,1531
17031839100,5.72,4.94,101000,19,2020
17031840000,11.91,4.25,85143,47,980
17031840700,41.16,4.24,43207,0,986
17031750400,3.28,7.64,97305,67,1014
17031750500,12.1,16.47,55750,69,1213
17031810501,10.54,2.27,81152,63,1223
17031810701,18.22,4.58,54201,60,1261
17031811402,15.19,4.67,59196,64,1106
17031811701,30.98,2,54272,53,806
17031811800,22.29,3.62,75625,65,1850
17031812700,2.99,4.74,65313,0,1222
17031812900,1.87,6.34,128182,0,1411
17031813100,4.26,4.74,99808,0,1169
17031813702,40.01,1.91,50487,0,1040
17031814300,43.23,12.48,45625,0,771
17031823101,11.89,7.37,51298,50,995
17031823304,9.81,11.5,51450,51,942
17031823500,15.99,7.81,60156,78,977
17031823803,7.66,1.81,70909,44,1261
17031842300,1.68,6.67,142550,27,2031
17031842900,26.86,10.07,20068,50,494
17097866200,5.19,3.33,166703,26,3121
17043844402,5.65,4.35,91473,37,1605
17043844902,2.86,5.94,112228,60,376
17043845100,2.27,1.97,166625,43,900
17043845502,4.51,1.44,70489,43,1274
17031841000,3.07,1.16,98320,16,2012
17031842000,12.88,6.27,99583,22,2214
17031430900,10.97,17.64,40417,0,889
17031440101,22.88,23.99,20404,76,819
17031440800,15.07,19.44,24417,69,917
17031460301,25.38,16.97,34483,0,916
17031460700,37.15,27.63,24517,0,653
17089851908,13.81,2.88,72139,31,1313
17089851910,7.59,8.96,79728,36,949
17089852402,1.78,3.1,135139,24,2150
17089852700,3.92,5.94,71948,41,1154
17197883515,2.44,2.88,131302,34,1203
17031814800,24.7,4.92,58475,0,939
17097864303,0.6,3.77,147969,39,2091
17097864307,1.24,3.62,112143,37,1426
17031815600,5.37,5.96,63974,66,972
17031816000,1.3,3.8,76587,0,1158
17031816200,15.12,6.9,61695,62,959
17097864408,6.15,1.23,111206,38,1678
17097864511,10.37,5.42,100443,35,1034
17097864513,2.31,1.94,133818,41,1795
17097864514,1.6,4.94,149821,21,2083
17031070101,1.15,7.66,75804,56,1446
17031070102,1.5,1.67,71373,56,1449
17031070200,2.11,2.17,91723,64,1448
17031070500,4.16,4.93,152850,49,1654
17031843300,25.86,15.46,50486,0,1029
17031820605,12.66,9.96,43214,47,1055
17031820800,11.95,5.27,71758,61,783
17031821101,20.44,7.33,64652,52,1119
17031821600,7.5,2.38,70497,63,1156
17031821800,5.99,3.64,71540,66,1149
17031822101,11.7,5.54,65486,64,1278
17031822102,11.59,6.39,57137,49,961
17031822301,13.51,5.25,60284,50,1231
17031822400,13.34,5.16,45438,48,1111
17031822601,9.28,2.07,85556,60,1113
17031530502,10.94,15.82,54883,65,1354
17031540101,15.01,28.56,15523,73,388
17089854503,4.64,2.82,115381,19,1519
17089854600,36.41,7.89,51203,0,895
17089854700,26.71,8.63,49922,0,1031
17089854900,16.2,5.99,65557,46,650
17031823904,3.37,3.88,95156,45,1236
17031824105,5.54,0.69,111494,40,1750
17031824114,1,3.26,108933,28,2170
17031824120,4.49,4.49,100911,24,1708
17031824400,13.04,6.19,39080,35,855
17031824505,4.7,5.38,79904,45,1105
17043845702,3.7,5.05,131134,49,2037
17043845802,4.73,5.34,95815,41,1539
17043845805,5.43,4.33,92734,41,1539
17043846004,2.37,3.19,75625,41,1437
17043846203,3.06,3.19,131719,36,1875
17043846206,1.54,3.66,119000,53,1251
17043846209,0.46,1.92,151188,49,1375
17043846305,1.76,1.52,87341,47,1554
17043846405,3.69,1.62,108357,42,1299
17043846412,4.97,6.85,97775,28,1719
17031980100,0,0,0,0,0
17111871310,6.74,5.79,105081,45,1925
17097861107,1.29,3.74,119471,26,1690
17097861303,34.69,6.33,56270,47,1361
17097861402,12.17,3.44,73225,20,1165
17097861509,7.3,5.42,77823,31,1181
17097861603,1.17,1.69,97220,33,1559
17097861702,16.43,4.87,73966,62,1000
17097862000,34.86,8.04,49563,67,982
17097862200,14.45,7.45,47964,0,947
17031827801,8.09,11.88,60379,56,1691
17031827902,12.78,12.75,53288,57,1175
17031828300,6.42,6.47,63418,62,960
17031828702,8.95,12.89,52600,49,1500
17031030102,4.31,5.46,42123,62,1062
17031030603,6.22,3.16,42059,0,879
17031030701,13.78,6.84,39464,72,892
17031804201,2.8,2.58,142521,39,1435
17031804506,6.56,1.55,96458,34,2266
17031804606,5.87,2.6,113083,38,1411
17031804609,3.65,4.82,98004,31,1595
17031804611,2.05,3.96,88482,42,1393
17031804715,27.71,4.56,51169,46,1141
17031804806,9.76,4.44,76058,48,1666
17031804809,4.32,2.35,92188,47,1799
17097862800,36.67,10.01,28400,47,876
17097863201,26.66,6.64,59946,51,1097
17097863300,0.19,3.7,206042,66,1326
17031805109,8.34,2.46,90417,52,835
17031805111,15.19,3.31,61787,46,1157
17031805202,4.47,3.28,82351,62,1385
17031806104,15.26,5.09,47753,41,992
17031806202,5.83,2.98,54139,40,1020
17031806400,6.85,5.04,93750,67,1223
17031806600,10.72,2.42,79338,61,1097
17031806700,4.18,3.91,122743,65,0
17031806900,8.69,4.4,71915,49,1620
17031807000,7.33,3.86,64604,65,1191
17031807400,10.09,2.64,63136,67,1185
17031807600,14.48,4.95,64625,65,1606
17197883804,6.27,10.17,74013,56,983
17197883811,8.1,3.43,75203,55,1065
17197883904,7.92,6.15,75357,46,908
17197884004,9.79,9.65,60463,25,959
17031826700,7.82,22.32,34510,61,967
17031760801,6.89,5.89,68159,48,1275
17031310700,31.6,7.01,57774,0,942
17031837400,21.95,23.73,39231,0,925
17031805002,17.43,6.69,43704,48,1081
17031822701,4.82,8.4,55313,55,1049
17037002100,8.92,4.07,52591,46,830
17097864522,2.66,7.13,183056,48,2632
17031100700,6.96,4.21,85953,65,1311
17043845809,2.95,3.99,104541,34,1084
17031824300,16.6,14.7,31480,55,797
17031825400,4.63,7.32,63606,43,976
17031830700,11.82,4.32,55236,0,811
17031831700,20.12,10.34,62130,0,1032
17197881900,21.3,13.67,23194,65,764
17197883210,4.35,5.5,74263,30,842
17197883304,8.58,3.03,78269,29,900
17031040401,5.77,6.04,105121,0,1405
17031040700,7.75,3.12,86125,0,1354
17031040900,1.95,4.21,77250,0,1196
17031050600,0,2.35,116595,0,1750
17111871402,1.31,3.52,111827,45,1093
17097865801,0.67,4.69,124901,53,2194
17097866100,29.49,8.9,51375,62,903
17031410900,3.87,6,60353,0,1279
17031420200,12.9,7,29205,77,983
17031420500,10.41,32.13,28456,35,921
17031430101,7.1,17.99,32122,71,1034
17031430200,10.84,20.55,22933,66,885
17031430500,19.37,20.74,18692,77,912
17031430700,14.5,9.9,24167,73,987
17031431302,10.3,23,29966,0,947
17031431400,10.17,15.46,30230,75,873
17111871311,3.91,2.33,83611,29,1366
17031061800,0.43,4.81,72308,73,1396
17031061901,1.8,3,65882,56,1313
17031062200,2.4,2.41,128102,37,1747
17031062700,5.56,1.15,172850,44,1871
17031063000,3.05,1.88,95897,65,1381
17031063200,1.98,4.68,72457,63,1442
17031080100,0.78,5.1,125880,59,1762
17031080300,1.85,1.23,138173,29,2102
17031050900,5.97,3.14,103750,0,1661
17031051400,4.8,4.72,123214,77,1625
17031060200,6.19,2.53,83598,0,1282
17031060500,21.98,3.37,38571,55,461
17031060900,3.27,0.5,63610,58,1270
17031081202,0.76,3.19,136010,59,1639
17111870812,7.82,2.85,78882,32,1515
17111870905,12.74,4.11,55313,47,936
17111871207,8.03,4.24,73929,0,1335
17111871301,5.87,5.05,90603,62,1150
17111871305,4.92,7.24,111791,31,988
17031802504,14.18,2,83463,58,1469
17031802608,4.15,4.76,66208,46,1177
17031802300,1.93,2.65,126765,15,2076
17031802404,15.9,2.39,55441,41,1275
17031802701,14.88,3.15,94709,53,1100
17031802802,6.79,3.22,109223,64,1670
17031803005,1.05,4.88,74375,47,1111
17031803016,4.03,2.28,102679,46,1663
17031803100,2.49,1.64,121875,61,0
17031812802,4.9,5.77,60238,0,1085
17031813200,3.86,1.7,135121,0,1061
17031813600,30.84,6.24,55117,0,913
17031813701,42.06,10.34,48731,0,1016
17031813900,32.4,4,43159,0,976
17031814200,31.6,7.55,47622,0,965
17031814500,34.28,4.64,64842,66,979
17031818900,4.12,1.24,92031,62,1200
17031819200,11.2,4.73,66426,64,1083
17031819600,1.63,3.9,153914,76,0
17031819700,0.58,4.6,169306,78,0
17031819802,1.23,0.33,153393,58,956
17031820101,3.93,2.47,112944,46,949
17031825700,13.88,11.94,46394,55,930
17031825802,12.94,18.21,46627,43,1177
17031812302,4.55,5.12,141111,0,1383
17031812400,1.45,5.11,206184,0,1350
17031818300,21.64,8.48,60205,63,1202
17031804810,6.63,3.96,76799,45,1095
17031805001,2.88,2.93,115094,59,955
17031804805,6.32,2.1,85905,44,1690
17031804807,10.01,0.94,88605,52,1243
17031814900,25.11,6.39,55156,0,960
17031815000,17.31,2.44,60395,0,1104
17031815200,21.99,3.96,52819,0,939
17031815701,1.24,8.4,128444,78,1699
17031815800,3.37,7.34,95096,73,971
17031816100,6.16,8.1,62163,75,1085
17031816500,33.58,4.47,32667,50,858
17031816700,28.89,4.87,48506,63,813
17031817102,11.72,10.68,74521,64,1124
17031823102,11.44,5.22,73464,60,945
17031823400,10.11,8.78,50619,63,880
17031817200,15.49,16.44,48450,78,1003
17031817400,31.12,6.28,56678,0,952
17031818000,4.74,8.49,52321,65,1105
17031160900,1.57,4.28,86060,0,1198
17031030103,5.83,9.33,57985,59,1088
17031030300,15.39,4.58,41109,0,1036
17031030601,21.58,2.88,34861,59,929
17031030604,5.28,3.62,47500,59,1085
17031350400,22.68,32.15,13676,64,316
17031351000,2.85,5.14,44770,63,1178
17031030703,13.17,2.98,43553,61,955
17031031100,6.53,4.28,78822,0,1335
17031031300,10.73,1.99,39064,70,960
17031031502,13.43,3.7,28403,0,795
17031040100,7.37,0.9,96467,0,1286
17031380100,28.57,18.85,16736,26,333
17031381200,12.18,8.89,37059,67,865
17031390100,7.21,3.94,80234,62,1109
17031390300,12.21,23.29,22451,46,704
17031390600,1.66,7.03,51849,0,1078
17031400300,13.65,27.16,29495,0,1190
17031410600,6.41,6.73,41016,0,1342
17031410700,7.63,5.29,39514,70,1194
17097861013,2.88,3.96,92880,28,1567
17097861105,5.99,6.29,76340,34,1076
17097861106,3.25,5.62,109850,26,1430
17097861202,21.43,9.94,76023,30,1532
17097861304,44.3,7.06,70136,46,1484
17097861403,21.77,2.01,52188,45,1268
17097861507,14.76,10.42,79333,41,1073
17097861508,5.68,8.26,64595,35,1124
17097861510,8.36,5.09,64044,37,928
17089850701,4.48,3.18,102411,15,1713
17031806102,12.41,6.89,90365,51,1327
17031808301,11.25,3.12,71500,52,1783
17031808302,7.47,2.1,88750,60,1175
17031808500,10.88,3.87,95071,0,2277
17031010202,20.97,5.8,41486,76,988
17031010300,10.19,4.76,41250,0,979
17031010600,9.66,6.28,50882,0,1077
17031020301,9.61,5.31,56973,57,883
17031020400,11.1,4.04,65917,70,1191
17031020802,27.26,8.29,46219,0,1187
17031020901,20.84,2.87,52254,0,1224
17031600700,16.38,11.81,45294,0,1044
17031610800,7.9,13.18,53125,0,986
17031611400,35.2,13.14,36382,66,709
17031611500,28.37,16.03,34875,55,782
17031611900,26.48,21.14,24507,0,717
17031620100,24.34,12.51,65354,65,1120
17031803400,4.86,2.67,125899,61,1167
17111870606,8.05,6.4,56071,52,1074
17031803605,7.14,3.96,78611,44,1094
17031801603,11.55,5.27,52951,44,1223
17031801607,4.14,2.51,94808,44,1442
17031801702,2.08,3.51,120529,58,2074
17031802002,2.18,3.04,126250,57,1410
17111870703,3.11,2.93,115000,28,1413
17111870811,9.25,5.56,80298,43,1287
17031561000,10.54,1.41,103188,64,857
17031570100,36.21,7.39,56008,64,1075
17031580100,24.17,7.91,43750,69,861
17031580400,30.28,4.72,47056,78,843
17031440202,10.63,15.62,35795,69,768
17031440700,6.73,21.41,40000,80,1004
17031450300,13.25,13.24,49896,78,975
17031460302,18,21.68,28470,0,905
17031460400,6.81,9.35,44545,79,1047
17031690400,16.8,14.48,23868,0,879
17031691200,14.36,20.86,32241,65,996
17063000600,6.42,4.17,68000,65,886
17063000800,4.28,4.46,85389,27,970
17031700100,22.06,5.34,68902,60,1217
17111871106,2.77,2.44,123796,20,918
17111871107,1.93,1.62,131275,21,874
17111871202,11.8,6.79,63505,49,1206
17111871205,6.4,3.54,73605,47,1457
17031580501,34.08,11.24,39520,0,836
17031580600,33.88,14.49,45684,0,788
17031590700,28.59,6.74,48281,0,922
17031470100,15.41,20.14,28864,67,732
17031480200,9.31,14.06,47059,66,1071
17111870402,19.25,2.7,61283,34,1106
17111870603,20.01,4.21,63716,48,1372
17043845810,3.14,0.58,73620,46,1244
17043845901,2.82,4.04,146786,36,2105
17043845902,2.38,5.8,120625,36,1877
17097863701,2.28,4.48,99688,51,962
17097863702,2.73,7.5,90492,31,1427
17097863902,4.98,4.01,78893,36,1669
17097864001,10.19,1.38,79735,51,1323
17043846409,1.64,4.26,130536,24,1434
17097864306,0.99,4.54,180714,48,0
17097864403,4.17,4.33,186371,34,1188
17031804803,8.19,4.06,76280,40,1386
17097860200,12.8,8.48,54028,64,990
17089850103,5.37,1.82,120625,23,1702
17043846207,1.39,3.8,130682,37,2678
17031251800,21.19,20.77,24632,0,927
17031252101,16.56,6.96,17000,0,797
17031260600,35.86,36.06,27273,0,1192
17031260900,21.76,21.69,24714,0,744
17031271400,14.38,20.88,24050,73,1085
17031271800,18.1,8.05,18952,0,599
17031280100,0.3,1.69,136389,16,2278
17031282700,7.29,13.79,74460,28,1618
17031804406,19.56,3.81,72734,31,1269
17031222700,12.22,3.08,69063,0,1207
17031222900,20.97,3.47,49900,0,1144
17031230500,50.85,9.73,24385,0,867
17031230700,35.1,6.59,39969,0,1111
17031231100,23.29,18.04,36250,0,877
17031240500,0.46,1.32,150188,58,2194
17043846208,0.26,2.27,157500,45,0
17043846307,6.19,5.83,70110,45,1222
17043846311,5.08,5.45,100032,41,1242
17043846313,2.51,5.01,114569,28,1763
17043846314,0.75,5.1,112475,41,1562
17031805701,2.14,3.32,117500,57,1443
17031805902,8.24,5.79,113036,55,1156
17031806003,13.5,2.41,68018,51,1420
17031811301,26.77,6.96,68125,62,938
17031283200,4.84,5.6,73558,21,1500
17031292200,20.7,21.91,34861,0,1036
17031804507,6.19,2.07,105240,22,1848
17031300600,39.45,10.17,43594,0,899
17097863100,28.67,17.32,33727,61,999
17097863202,3.24,3,126786,44,1652
17097861604,4.04,2.46,119023,29,1494
17031090100,7.23,2.59,98446,64,942
17031090300,1.53,0.65,108563,75,1218
17031100100,9.54,7.92,89427,73,1279
17031110100,7.36,5.04,77813,76,1107
17031110300,11.32,3.37,82634,66,1046
17097860905,8.95,9.05,76129,56,1147
17097860906,5.55,7.57,93918,16,1479
17097864101,4.94,5.25,92188,18,1947
17089850106,6,4.01,106700,28,1783
17089850301,40.44,11.44,51059,52,771
17089850400,10.4,5.27,64299,44,1241
17089853600,45.72,7.49,38442,0,1045
17089854100,45.49,10.61,44792,80,1098
17043841208,14.66,4.01,80570,37,1474
17043841210,9.03,8.1,69886,38,1287
17043841307,5.18,4.46,108598,37,2043
17043841313,6.19,4.51,92563,33,1079
17043841316,2.72,2.57,112404,41,1222
17043841320,22.72,2.85,73526,37,1550
17043841321,7.14,2.58,114861,26,1836
17031241000,16.71,4.81,71979,0,1452
17031241200,10.2,1.3,106875,0,1610
17031804510,34.27,9.17,72411,53,1004
17043845704,5.14,4.3,68713,44,1394
17043845803,7.83,13.68,58877,45,1277
17097861609,3.71,5.45,124057,0,1332
17097861701,14.56,6.87,70938,55,1724
17097861901,17.21,2.47,57472,51,1189
17097862100,32.46,10.39,41278,77,887
17097862300,39.76,12.16,17402,77,668
17097862603,18.23,9.86,46420,54,966
17097862604,34.65,7.48,48900,50,984
17097862901,40.92,7.42,36162,65,877
17031250400,18.96,13.3,46261,0,1032
17031250700,12.8,6.96,34941,0,977
17031251000,15.75,15.9,29671,0,923
17031251500,29.25,23.08,23933,0,979
17031251600,19.4,7.84,30000,0,1054
17031340600,38.29,41.53,13625,45,296
17097860809,3.08,4.76,88304,27,852
17097860810,3.22,3.31,97028,27,1069
17097860903,9.27,3.77,57315,54,947
17097864510,6.49,3.19,77528,33,1451
17031820201,4.94,4.2,109803,36,1182
17031811500,21.73,7.52,76618,65,1098
17097863004,2.81,4.86,37257,25,1498
17031820300,33.37,6.43,59637,60,889
17031820501,12.39,3.4,66480,55,936
17031820604,20.65,4.85,43723,47,966
17031820700,18.6,2.35,65257,65,1057
17031820901,20.3,5.45,60672,51,973
17031821001,14.48,9.09,54620,55,1245
17031821300,32.29,12.4,45607,65,857
17031821500,17.16,15.38,26815,59,950
17031821700,6.44,3.12,85278,64,1132
17031830004,4.31,6.62,88003,41,1199
17031811600,14.96,6.51,49455,49,968
17031811900,1.82,2.13,135750,71,1082
17031812200,1.97,4.62,216375,0,997
17097864107,12.32,2.36,104659,33,1446
17097864206,21.65,6.3,51111,42,1058
17097864305,1.7,5.25,108697,40,1406
17031804603,6.17,2.94,66367,44,1378
17031804607,4.75,3.62,98984,43,1449
17031804701,5.43,4.98,69472,44,1380
17031804709,12.84,3.18,67027,48,1167
17031804711,6.78,7.1,75377,39,1380
17031804712,3.22,4.9,97348,42,1703
17031301200,36.37,9.38,35259,76,835
17031301600,42.71,12.53,28484,0,744
17031301803,35.94,7.97,32208,0,833
17031310600,28.81,5.8,47097,0,1045
17031310800,34.3,4.22,56011,0,875
17031320100,0,3.9,109167,20,2348
17031827700,13.29,15.41,42939,65,1391
17031827901,11.78,12.68,83125,42,2296
17197883215,12.17,4.48,97394,16,1997
17197883307,4.68,3.19,84851,39,1099
17197883402,7.09,4.67,64185,50,985
17031730500,11.81,20.41,57357,67,911
17031770700,7.69,4.75,57368,51,1023
17031770902,13.32,2.39,61466,51,951
17031520100,43.26,5.88,58036,0,862
17031520600,24.32,9.11,55325,71,1158
17031530200,20.9,23.79,37829,0,1253
17031530503,11.05,26.62,44056,65,1252
17031530600,4.71,9.96,33099,64,1093
17031560300,24.43,12.36,50781,65,1293
17031560700,19.25,11.64,60764,60,1038
17031824506,5.31,5.36,64908,42,1148
17031560800,14.5,5.91,71563,66,1188
17031824507,8.69,8.58,65682,45,1438
17031824602,7.08,3.77,62096,49,1085
17031825302,10.47,6.72,70341,42,1120
17031825303,9.81,7.33,66684,58,1201
17197880411,5.34,2.54,126818,31,1444
17197880415,10.54,10.08,83571,21,1455
17197880417,6.6,5.14,82425,23,1532
17031720300,2.11,3.66,115536,0,0
17031720400,2.29,4.27,102857,66,1661
17031730300,16.12,13.12,47969,72,1085
17197881007,5.19,5.6,116364,23,0
17031801500,3.92,4.71,98942,51,1591
17031824113,10.8,5.02,97365,29,0
17031824117,3.43,4.56,102696,26,1152
17031824121,5.81,6.92,81570,38,1739
17031824503,6.92,5.37,70133,44,1042
17031825503,2.07,6.82,56250,54,1759
17197880419,5.72,3.73,118341,20,2101
17031700200,21.17,11.94,70863,62,1069
17031700302,20.76,10.42,66250,61,1178
17031700501,6.22,9.81,65847,63,1058
17031710400,18.08,10.79,39659,71,939
17031710600,13.36,8.96,33287,0,916
17031710800,19.7,24.67,23162,0,871
17031711300,19.14,17.13,41188,67,1072
17031711400,11.08,10.31,43500,0,958
17197880502,6.48,3.3,91971,44,1203
17197880602,9.14,4.72,57159,0,1075
17197880702,16.72,5.19,48472,66,1149
17197880905,17.96,4.1,57202,66,1021
17197881010,2.82,3.01,115151,19,2505
17197881105,2.49,0.99,125071,25,1686
17197881109,2.67,3.31,114375,30,1062
17031823903,4.85,7.09,88819,47,2200
17031824003,3.4,4.86,96194,32,1641
17031824006,5.21,3.02,129667,23,1336
17031824106,6.41,4.93,94764,36,1122
17031800200,0.12,3.03,224766,64,1596
17031800500,0,2.74,237604,75,1750
17031800700,2.72,4.61,200852,69,1950
17031801000,1.13,4.28,122743,60,1493
17031801200,0,5.34,226563,72,1750
17031620400,27.35,4.74,69764,64,1080
17031630400,31.58,19.05,35194,75,853
17031630900,32.28,12.6,45551,62,891
17031640300,10.12,9.99,64590,65,1034
17031823602,7.28,2.66,67143,43,916
17031823603,32.9,10.81,38047,67,893
17031823704,9.64,7.02,91250,54,1979
17031823801,5.35,5.57,103160,34,1736
17031640600,20.08,13.9,49375,56,935
17197880109,4.65,4.19,92267,43,1697
17197880114,14.43,7.18,37684,37,971
17197880404,4.35,4.76,117841,18,1599
17031826201,9.95,8.54,34808,45,859
17031826401,7.05,20.94,53229,55,1304
17031826500,17.34,14.83,40258,62,1347
17031826800,22.78,13.86,47602,53,1006
17031826902,17.72,27.2,29211,64,1011
17031827200,25.69,12.32,44068,61,1001
17031827500,28.89,14.82,39179,60,1063
17031825900,12.89,11.43,50761,63,901
17031826000,25.21,12.81,45833,73,942
17031650301,22.94,8.14,60802,65,965
17197883505,3.39,5.57,126612,30,1757
17097865600,0,2.55,248974,0,1571
17031660800,23.99,9.92,35703,67,849
17031661100,22.4,14.34,59038,65,1192
17031670400,32.84,25.57,28625,0,899
17031670900,6.62,23.97,33438,0,1037
17031671500,19.56,31.16,27125,0,894
17031671600,24.55,34.12,19132,0,836
17031680600,32.9,25.71,30244,0,922
17031681200,21.44,30.19,19915,66,828
17031690300,15.99,12.93,19179,63,824
17031650400,26.75,16.14,54327,63,1134
17031650500,22.3,9.51,68382,61,1103
17031660500,28.7,12.98,36657,75,819
17097864512,1.24,3.46,199420,29,1286
17097865501,5.79,2.88,105938,64,1760
17031842600,22.72,4.34,76616,0,990
17031843000,30.68,8.47,19792,71,898
17031843400,21.36,5.12,29028,0,631
17031843500,44.29,5.11,29375,0,802
17031843900,13.9,6.64,33028,58,962
17031980000,0,0,0,0,0
17031804105,3.16,1.29,131821,44,0
17093890400,8.61,3.66,102416,17,1252
17093890500,10.08,6.04,80364,41,952
17093890700,6.14,6.17,102047,17,1688
17031803901,6.45,4.87,70976,42,1607
17037000500,7.03,6.1,59063,35,837
17037000900,6.09,10.84,77991,45,980
17037001001,7.07,10.16,29284,32,779
17037001600,9.65,3.17,88990,20,1335
17031804102,3.07,3.13,141786,42,1625
17043840703,14.96,2.4,61567,46,1209
17043840704,21.45,4.97,56425,50,1001
17043840706,7.42,4.78,101406,56,1733
17043846524,2.83,4.1,117723,32,1695
17097861011,3.46,2.52,106083,26,1642
17197882100,55.76,5.95,49659,0,930
17197882400,34.88,11.12,46842,0,1158
17197882702,13.09,5.81,60773,0,998
17197882802,21.81,15.84,36835,53,902
17197883000,24.51,13.58,48571,60,1023
17031810600,12.62,4.04,55038,61,1023
17031804311,5.94,2.81,106212,23,1848
17097860400,12.45,9.05,63387,34,1378
17031804109,8.51,1.95,117794,49,960
17031804202,7.25,1,132377,37,1727
17031804308,14.54,3.99,75948,29,1814
17031804310,7.8,3.47,96274,31,1854
17097860600,12.59,4.97,60508,39,1103
17031161200,22.48,5.93,67903,0,1092
17089852606,0.86,6.02,122778,36,2224
17089852803,7.35,5.27,87635,42,875
17089852805,6.39,5.74,106513,28,1518
17089852904,47.6,7,58646,65,1146
17089852906,14.68,3.56,59000,41,949
17031810900,10.28,6.78,52171,65,1127
17031811200,9.37,3.73,69021,64,1219
17031803608,8.75,3.83,67380,41,1290
17031803611,15.19,2.65,68184,42,1127
17031803612,14.6,4.15,61426,40,1155
17031081500,0.66,1.7,107847,25,2110
17197881301,53.26,2.12,45606,0,1032
17197881402,13.46,1.88,52317,64,1297
17197881604,7.75,2.64,52653,36,1104
17031828000,11.6,8.98,46250,61,975
17031828100,13.43,10.13,51967,64,1002
17031828401,3.21,3.95,71336,65,1182
17031828506,7.14,12.79,56471,31,916
17031828601,6.13,3.25,81832,65,1102
17031150300,10.53,3.8,77877,0,1162
17031150501,9.32,7.32,75956,63,1088
17031151001,17.41,5.42,65417,0,981
17031160100,12.36,8.35,68750,0,1151
17031160200,6.49,3.51,85216,0,969
17031221500,10.84,2.3,61635,0,1061
17089851400,43.01,11.5,54722,0,1108
17089851500,26.71,10.8,55500,56,887
17089851801,6.46,6.11,83319,32,1091
17031110400,8.42,5.55,68996,68,1236
17031110502,8.16,1.85,62155,54,1196
17031120200,6.04,1.9,123594,66,1571
17031130300,19.5,7.88,58824,75,1207
17031140301,34.07,7.49,50667,0,1138
17031140400,15.09,5.03,69203,0,990
17031140702,27.15,5.82,57708,0,1036
17031140800,12.11,1.32,73875,0,1106
17089851905,2.72,4.69,108771,16,2305
17089851907,12.79,3.9,99440,24,1698
17089852001,6.15,2.94,85833,47,956
17031828701,8.73,12.18,76875,56,778
17031828801,6.26,5.98,96373,62,1489
17089852101,2.59,2.9,180808,19,0
17089852201,2.63,1.5,86719,53,1466
17043845701,2.62,2.5,112958,45,1724
17043845703,4.39,7.76,75291,38,1084
17089853004,9.72,3.71,58444,46,1118
17097864411,1.95,2.85,159861,38,2955
17031829301,11.35,12.42,75708,59,1446
17031829401,14.86,24.77,30091,55,1125
17031829500,17.21,11,41138,61,1046
17031829902,1.74,21.45,76409,40,1753
17031830001,13.39,4.69,47250,32,832
17197881112,3.06,5.51,106850,21,1423
17197881115,4.24,3.22,106957,27,1401
17031160700,15.08,2.58,72317,0,1262
17043846411,2.81,5.87,85608,27,1501
17043846413,2.77,4.59,94598,33,1481
17043846504,11.66,3.65,106850,44,1264
17043846515,9.67,5.97,70190,33,1610
17043846521,0.5,2.87,144583,31,1775
17197883211,9.38,3.91,80508,26,1689
17197883213,2.6,2.17,105089,22,1354
17031830006,11.86,7.14,56009,51,628
17031830202,15.63,8.41,87901,62,1529
17089852202,11.41,5.93,87604,34,1192
17089852401,1.51,3.4,132194,34,2315
17031830500,43.3,10.33,37917,0,1004
17031170100,9.96,6.33,54625,26,0
17031170600,9,3.66,69271,65,1188
17031170700,9.04,5.11,65233,68,1103
17031171100,12.7,2.12,69330,0,995
17031190200,28.58,6.21,58851,0,1038
17031190402,25.65,4.98,53021,79,1116
17031190602,31.13,6.4,54688,0,1024
17031191000,34.78,7.48,55081,0,941
17031191200,49.04,4.72,50556,0,1027
17031200100,21.48,5.57,53718,80,980
17031210501,27.18,6.13,50519,0,1104
17031210502,16.56,4.73,56025,0,1123
17031210900,10.12,0.99,88167,0,1248
17031220400,6.08,3.46,103295,0,1727
17031220602,9.44,4.55,52163,0,1159
17031221000,13.14,5.4,56984,0,1243
17089853200,32.7,7.39,47917,0,1020
17089853300,43.59,4.14,58494,70,1136
17089853500,53.03,7.3,59074,71,1148
17043846003,0.81,6.18,84776,45,1127
17043846103,2.45,5.78,127264,48,1467
17043846201,2.69,6.39,99808,39,1171
17043846202,2.23,1.69,104828,37,1322
17063000103,7.68,3.49,91650,16,1422
17063000300,8.75,4.6,51324,68,974
17031830800,0.42,7.72,79405,0,1267
17031831200,36.09,4.68,39180,0,881
17031831500,24.39,5.16,58798,62,968
17031831800,11.06,5.81,55368,0,1086
17031832200,4.07,0.94,109701,0,1485
17031832300,1.14,1.89,120052,40,1880
17031836400,8.83,18.49,27210,41,657
17031836600,16.87,7.79,48313,0,993
17031805105,37.96,3.23,55743,46,1408
17031805107,17.1,6,52858,44,1177
17031805110,5.8,0.8,81346,50,1833
17031805401,13.71,3.82,82900,62,1089
17031805402,7.14,2.08,85980,64,1315
17031809200,16.85,6.83,44458,75,979
17031809500,4.15,5.56,73516,59,1635
17031809700,9.76,3.01,99464,0,1341
17031810000,2.85,3.88,92590,0,1533
17031810400,5.75,1.46,111310,63,1146
17031810502,12.05,5.74,58669,60,1047
17037001800,8.26,3.46,70391,69,831
17037002000,10.05,1.78,71135,57,1333
17043844100,0.61,3.81,147440,61,2176
17043844301,2.76,1.04,76629,25,1810
17043844307,4.25,4.38,81563,41,1237
17043840101,17.56,3.13,73276,54,1602
17043840103,6.68,8.51,85203,43,1091
17031839000,2.46,6,105094,33,2081
17031839200,13.33,7.8,35707,52,823
17031839900,12.94,6.67,64912,0,977
17031840300,29.87,6.98,50607,0,927
17031840400,27.05,6.46,44550,0,918
17031841100,41.36,6.24,35723,34,798
17031841400,11.79,15.91,43145,0,1271
17031841700,49.73,15.13,18810,62,730
17031842200,5.01,1.78,86250,14,2145
17043840904,17.87,4.26,49656,42,1081
17043840908,13.59,2.83,75438,45,1202
17043840911,19.29,7.12,83125,48,1718
17043841004,5.23,3.87,85163,50,1133
17043840802,19.89,2.6,77557,48,1275
17197884003,2.49,5.53,64345,41,980
17197884005,9.49,3.87,65000,37,0
17197884101,13.62,5.34,57204,0,1419
17197884103,12.4,5.75,90352,18,1615
17197883810,6.01,10.07,76935,37,0
17043841326,4.7,5.03,142283,32,2829
17043842704,8.22,2.5,73764,45,1308
17043842708,2.9,1.62,142708,39,2000
17043842900,0.57,5.35,119583,54,1391
17043843200,12.34,3.55,71492,64,1078
17043843302,4.5,3.63,86364,61,1957
17043841103,7.25,5.44,87171,41,1387
17043841104,1.47,3.1,98661,45,1217
17031842400,13.6,16.43,47669,67,855
17197883514,2.54,2.32,122794,18,2088
17197883516,1.66,3.51,130066,17,1041
17197883519,4.96,4.16,100200,27,975
17197883521,2.07,3.31,115694,28,1202
17197883605,2.16,5.14,40769,45,1015
17197883803,6.79,4.11,45320,45,985
17197883806,5.59,5.61,82347,39,931
17197883808,11.57,10.4,66622,45,2085
17043841111,4.63,1.85,74706,33,996
17043841114,4.2,4.16,99474,33,1668
17043841206,11.41,5.64,87432,39,1703
17043841401,16.5,2.44,88558,35,1203
17031838100,26.14,7.54,15755,63,470
17043842602,1.07,2.91,171964,46,0
17043842605,2.97,0.69,105552,55,1746
17031838600,34.06,17.17,16829,0,813
17043842703,1.08,4.44,117656,41,1694
17043844802,2.8,3.04,89773,55,1623
17043845000,6.42,3.14,81154,62,1087
17043845300,0.83,2.2,250001,65,1691
17043844601,4.27,3,93814,45,1822
17043844602,3.46,7.24,97587,43,1809
17043845402,1.97,7.87,116875,45,1450
17031803013,3.16,1.63,90098,46,1325
17111871003,9.21,2.99,72132,51,934
17031817700,16.95,7.61,65510,0,1336
17031681000,25.37,20.05,17118,80,802
17031691100,11.24,26.08,24750,0,927
17031802505,25.66,2.27,56479,43,1076
17031802801,3.26,3.52,107571,58,1093
17031805502,3.31,1.94,141339,65,1759
17031806001,11.6,4.66,51684,46,1113
17031230800,30.69,3.16,55625,0,964
17031808702,0,9.5,70179,69,1688
17031816800,17.52,7.29,61192,64,951
17031803603,2.12,1.26,169425,38,1615
17031811302,30.85,7.28,40556,66,970
17031813302,31.8,4.52,41250,0,858
17031814100,32.9,1.24,41972,0,935
17031816402,31.05,3.35,53611,75,1073
17031817500,20.72,15.41,40417,70,753
17031818800,3.46,3.82,92719,75,1333
17031819900,0.82,2.6,189531,59,0
17031821200,23.61,8.33,45846,66,786
17031822000,16.46,5.39,50548,65,0
17089850702,6.28,3.2,62351,18,1040
17089851904,14.81,6.55,77741,47,1144
17031806002,23.77,3.86,58362,47,1260
17089850105,7.65,2.83,99593,21,1651
17089852102,2.08,3.35,133608,29,1438
17043841604,9.03,4.87,93942,35,1478
17043841704,5.08,2.88,143185,25,950
17043842200,4.94,2.64,86389,60,894
17043842706,3.86,1.02,102813,52,1057
17043844201,3.61,6.96,88796,61,1280
17043844502,5.06,3.72,81645,43,596
17031806802,9.25,8.08,68294,65,1342
17031807300,10.75,3.18,65441,61,1401
17031805302,6.89,0.9,86833,62,1926
17043846702,18.34,4.3,70817,55,1176
17031809100,2.55,1,106103,72,1855
17031810302,8.56,2.96,83750,73,1310
17043841312,22.07,4.5,73500,30,1075
17043841324,9.7,3.27,126410,34,1865
17043841501,31.91,5.22,64605,56,1039
17031700502,6.86,17.9,102125,62,0
17031730202,5.07,17.51,57143,70,1258
17031740100,3.17,8.29,93217,66,1042
17031490400,4.6,9.6,56607,0,952
17031490901,18.84,20.66,37045,66,950
17031510100,33.73,21.41,43882,0,799
17031530100,39.97,20.46,37200,79,798
17031550100,18.38,6.58,59313,64,798
17031590600,24.42,8.14,46033,0,926
17031630100,18.89,19.06,30435,0,889
17031660700,34.08,21.03,23095,66,850
17031680900,26.07,23.52,16411,50,611
17031250800,16.44,13.72,36250,0,963
17031252102,11.15,13.8,38500,79,988
17031282800,5.74,7.4,58203,67,1494
17031300800,53.85,8.69,30367,0,791
17031801800,0,3.25,151136,58,1418
17089854002,22.07,7.58,60971,55,1063
17089854302,35.5,5.66,54493,66,1118
17031802702,6.08,3.02,86034,45,434
17031804104,1.69,4.95,116466,40,2092
17031804309,13.37,6.96,81926,52,1677
17031804706,4.73,1.81,115500,50,2083
17031804804,11.71,3.72,80568,43,1369
17089854504,3.06,4.51,118652,19,852
17031801100,0.76,2.67,184375,0,1881
17031031200,26.57,3.58,41389,0,872
17031770202,6.37,8.1,66672,49,1628
17031040300,12.2,13.12,88125,66,1358
17031063303,0.5,4.59,92250,53,2109
17031070700,3.55,1.3,121298,57,1710
17031071400,2.85,2.28,117150,0,1673
17031110200,7.07,5.84,85474,0,1138
17031140200,27.02,2.89,46761,0,1051
17031150200,13.01,7.67,67623,0,986
17031170800,11.3,2.93,62955,65,1226
17031200402,43.01,5.24,51719,0,967
17043846517,6.53,2.98,104135,22,1599
17043845401,0.3,1.87,169444,32,1844
17043845811,1.9,0.93,85139,47,1146
17043846106,2.02,5.25,109777,34,1637
17043846410,4.92,1.4,86834,34,1456
17031834800,17.08,29.61,18636,54,661
17031836800,36.45,16.81,12905,0,748
17037000100,13.22,4.45,69583,43,964
17031220500,2.46,0.74,94844,0,1605
17031230600,35.7,18.18,40675,0,986
17031240900,14.44,3.42,42717,0,1132
17031242300,2.04,0.68,94639,0,1507
17031242800,5.53,4.31,89688,0,1520
17197880313,7.18,4.77,117720,18,1836
17197880416,8.52,6.89,93667,25,1858
17111870809,1.96,5.29,99412,28,1622
17197880701,7.25,4.91,63021,22,1086
17197881009,2.95,2.91,101442,18,1682
17031822602,9.99,5.39,64861,40,1075
17031822900,11.4,7.2,51917,62,1056
17031823200,9.53,5.22,66639,41,959
17031824005,5.89,2.24,112125,29,878
17031824116,8.76,4.54,68125,33,1302
17031834300,8.86,15.44,42517,70,798
17197881200,30,10.01,43563,53,1022
17197883214,9.58,3.15,71875,20,1183
17197883504,3.75,4.44,97132,21,1617
17197883809,11.91,5.78,50425,34,1151
17197980000,0,0,0,0,0
17197880116,14.82,3.15,86659,44,1784
17197880120,7.34,2.92,125402,20,1875
17197880303,1.82,3.03,132634,36,2153
17043841003,9.46,4.1,74227,45,1292
17097863603,2.79,1.74,193333,32,0
17031825501,5.05,10.19,56976,49,1472
17031826901,26.29,14.52,30292,62,1070
17097864106,12.21,5.06,108355,53,1865
17097864407,1.78,1.07,165875,26,2525
17031831600,27.64,7.76,47042,75,1056
17111870102,2.49,7.48,100234,26,732
17111870604,5.86,1.57,82656,37,962
17031020702,23.39,9.05,49167,67,1150
17031827805,8.85,11.77,59427,54,1530
17031828503,8.06,11.5,37514,44,1043
17031829901,5.26,13.69,79772,27,1503
17063000200,6.98,4.47,83542,28,1009
17097864308,1.85,5.2,106538,43,1297
17031250200,23.9,6.89,47411,0,998
17031251300,22.2,14.77,31663,0,1050
17097864412,2.85,2.64,139188,38,2338
17031550200,10.91,5.35,48224,62,1105
17031340500,29.45,9.36,23854,0,625
17031390700,2.73,7.18,61193,55,1428
17031838700,27.53,18.51,25701,76,1023
17031841800,11.45,15.72,37176,0,882
17031843100,10.5,6.67,22566,0,957
17037000800,5.94,3.18,68508,42,1095
17031100500,11.67,0.81,77945,67,1142
17031210602,17.39,2.9,74167,0,1153
17031411000,2.19,9.5,67346,0,1272
17031430102,8.46,8.61,30306,0,753
17031460100,13.71,24.78,41188,0,897
17089850703,9.24,4.84,86250,44,950
17031220702,15.75,6.21,64392,0,1119
17093890301,10.12,2.7,93033,24,838
17031821900,5.92,4.94,82450,64,1606
17031822500,12.48,8.49,76054,60,1077
17031823702,11.54,9.22,59546,44,1038
17031824108,7.06,2.87,94020,34,1058
17043841102,7.94,2.24,74128,36,1619
17097860101,11.91,3.32,77692,25,895
17097860805,8.31,7,64833,60,1119
17043846701,15.93,5.31,70417,57,939
17031824701,10.49,6.67,67682,57,948
17031827100,11.99,11.52,27667,63,848
17031828201,7.35,8.37,54245,55,971
17031829402,4.29,2.25,41578,66,841
17031832100,2.35,3.85,76193,70,1263
17031834200,3.57,10.43,65459,0,986
17031835000,21.53,25.32,27849,74,817
17031837000,16.98,14.2,32083,77,777
17031839700,17.3,6.48,58974,0,947
17043840102,11.72,4.73,64886,50,1256
17043840801,22.71,10.87,36125,50,836
17031081100,4.19,3.72,77605,44,1785
17031081800,0.32,1.23,149135,17,2563
17097863904,2.37,3.12,182656,24,3281
17097864203,3.69,3.76,96130,35,1380
17043841403,3.86,1.98,108417,51,2088
17043841404,3.08,1.66,107444,36,1766
17043841607,5.21,4.51,86509,44,1590
17043842702,3.65,3.12,88854,41,1467
17043843800,4.38,3.81,83333,65,1634
17111870500,7.21,4.05,72536,45,1201
17111870808,6.1,6.03,97772,29,1127
17111871105,5.67,3.54,92460,36,1520
17031824601,7.98,4.48,78444,49,1147
17031180100,10.02,2.62,57813,67,1013
17031210100,16.41,2.91,81875,0,1264
17031220601,5.25,2.09,77619,0,1428
17089851301,38.74,7.52,41010,0,902
17089851909,11.99,4.22,75353,36,1248
17089852403,4.11,3.64,96952,47,1320
17089852903,21.06,1.38,59684,39,1064
17097860302,19.61,10.5,33886,60,945
17031823604,5.74,4.74,86771,53,1311
17031828505,3.27,12.38,58214,47,1052
17043843700,2.64,2.48,91100,68,1156
17043844401,1.45,2.18,129821,45,1156
17063000400,8.44,2.6,64397,42,880
17031030500,11.34,2.24,90955,0,1475
17031031000,5.54,4.63,82902,0,1333
17089850600,4.48,3.4,103148,37,1538
17093890102,3.18,2.18,106623,23,934
17197883606,3.83,9.52,73904,43,1322
17197880314,2.35,2.78,164970,18,2350
17197883522,3.4,3.29,106012,25,3043
17031320400,0.78,11.3,168958,43,2399
17031150800,25.81,8.48,59919,0,1087
17031170200,8.97,4.24,70625,0,1045
17031560900,10.87,5.36,96332,65,1417
17031681100,26.87,27.37,22266,0,994
17031770602,24.54,7.48,71103,48,970
17031807100,8.54,2.3,117177,64,2099
17043841112,3.73,6.87,100511,30,1672
17031032100,5.69,6.24,64702,76,1135
17031061000,0.59,2.98,110739,55,1868
17031062300,1.42,1.4,140556,32,1944
17031081402,1.92,2.88,119387,25,2251
17031100300,5.19,1.8,79138,68,1201
17031814600,20.32,3.26,64464,0,989
17031140602,17.95,6.94,67237,0,1079
17031271300,21.98,17.38,25345,0,816
17197880408,8.84,4.85,91741,25,1746
17043841310,3.79,3.39,156204,21,0
17043842603,2.93,3.4,96279,47,1602
17043842711,1.81,0,142609,43,2172
17031826303,9.27,20.63,51186,56,1519
17031827804,6.93,17.09,71563,54,2012
17031828504,9.18,20.44,44375,46,1234
17031829800,2.06,4.98,103417,57,1355
17031161000,4.58,3.29,88750,0,1384
17197880420,7.46,3.98,90650,18,1763
17031351400,17.34,27.43,16607,45,532
17031400500,15.36,9.7,22355,66,976
17031411100,3.55,3.74,114583,0,1295
17031430800,3.99,10.45,48015,78,1048
17031440300,8.52,17.91,54167,67,869
17031520400,24.71,10.95,45729,0,945
17031540102,16.55,32.78,15293,71,451
17097865400,8.83,3.96,85128,41,1507
17031830100,3.3,2.45,76548,56,1836
17031833000,1.02,4.83,151028,19,2391
17031837100,22.84,15.06,21507,0,870
17031824800,26,13.15,38281,52,1099
17043840201,2.94,2.5,107133,45,1640
17197881108,4.6,4.06,98695,25,0
17197882200,50.49,5.45,44712,80,974
17111870803,2.11,3.35,98580,31,1249
17197883100,20,4.91,50833,59,977
17197883306,6.69,2.31,97059,24,1167
17031841900,5.58,13.5,114350,21,1997
17031843200,25.14,2.55,49451,0,883
17031837800,14.39,8.58,59915,27,1237
17031840800,43.07,7.36,34773,0,853
17037000400,5.84,1.99,93016,19,1141
17197883513,7.87,3.41,114922,29,1396
17031814000,34.81,3.51,50481,0,793
17111870301,28.98,10.13,51503,41,976
17031080202,1.39,1.86,86419,52,1448
17031570200,29.11,6.6,58625,66,791
17031580800,41.95,10.68,46000,0,902
17031612000,19.45,29.87,37981,0,756
17031630500,30.41,6.37,44885,0,913
17031660600,26.68,25.16,27012,62,814
17031670500,24.16,26.08,24200,67,955
17031690900,11.89,19.14,32875,0,952
17111871104,6,3.71,101685,19,1349
17111871209,2.7,2.97,68821,30,1298
17111871500,2.2,1.12,94429,17,1818
17037001700,5.7,4.12,78750,49,973
17043846104,5.29,6.7,114329,37,1000
17031820502,19.1,4.03,56996,49,1059
17031823302,10.96,8.84,57997,47,970
17031823703,19.97,8.34,55389,31,986
17089852003,2.05,4.72,134420,30,1107
17097863801,0.81,3.68,134659,40,1867
17097864521,2.94,3.07,76855,18,2823
17031804305,17.13,2.68,76556,44,1540
17031010501,3.54,7.69,39730,73,1007
17031020601,13.06,14.2,38177,69,1137
17043846604,14.79,2.55,70579,52,1171
17031804505,7.78,0.57,71438,42,1391
17031804714,3.97,5.99,81181,52,1669
17031805201,11.03,3.22,94891,61,1339
17031805802,3.85,3.12,95469,61,1559
17031810301,12.39,5.36,79850,67,1144
17031811702,24.45,6.06,50852,61,917
17031812600,2.1,5.97,59808,0,1064
17031814400,34.74,5.3,46696,68,937
17031815400,13.82,6.08,47025,80,930
17031816401,36.43,2.05,51850,70,1118
17031824004,5.79,6.46,86029,33,1019
17031381500,15.18,13.01,18906,0,745
17031410500,5.48,0.99,54079,68,1265
17031430400,10.54,16.08,33767,66,974
17031490500,10.08,21.99,53190,68,985
17031491000,24.11,34.64,24481,0,612
17031530400,11.84,12.02,61903,61,1306
17031803902,12.91,1.45,90750,64,1858
17089852806,4.56,2.18,129773,24,1796
17097861007,3.1,3.84,114455,27,0
17031561100,15.24,7.23,91604,63,800
17031612100,27.86,24.31,26815,54,904
17031808100,10.88,3.95,50047,45,1174
17031818600,8,7.09,90587,63,990
17031828202,5.41,7.14,63750,50,924
17197881005,7.94,3.64,105781,36,1568
17031819100,19.26,7.82,46758,59,931
17097861201,22.25,1.19,68008,39,1014
17097861506,6.75,2.55,68603,25,1193
17097861610,4.2,11.07,130125,27,1366
17097863005,0,0,0,0,0
17097864108,17.5,7.02,88347,50,1493
17031330100,3.38,0.12,115484,18,1976
17097860807,9.49,8.4,52656,43,1087
17097861008,4.22,9.11,96356,45,1230
17097861108,2.73,4.02,105605,29,736
17097864402,2.58,5.19,163194,30,0
17097861611,2.82,4.71,162250,0,2463
17097862401,27.15,10.17,31620,74,790
17093890600,4.6,2.52,94116,23,1255
17031811100,11.3,6.71,51763,58,944
17031813802,30.97,4.52,41723,0,862
17031815702,1.03,5.89,86819,0,1129
17031819000,2.49,2.95,147569,71,2582
17031820400,33.71,10.98,41325,73,860
17031804403,14.85,3.99,79260,34,1192
17031804901,4.15,2.08,109539,64,1138
17031806103,7.59,2.78,90833,61,1226
17031806502,12.79,4.18,74063,66,1514
17031807200,12.02,5.4,85526,65,1329
17031808200,9.64,2.77,74129,61,1456
17031710900,13.63,17.12,32064,54,763
17037001300,7.21,8.96,45225,72,825
17111871600,5.26,2.94,94363,49,1237
17097861902,24.67,3.92,46458,41,914
17097864515,3.7,1.19,150391,41,2239
17097864519,1.8,2.76,118421,34,1904
17097864602,0,3.98,195417,52,2985
17097865300,4.9,6.25,142917,53,2260
17043840303,29.56,1.92,59000,44,1046
17031818700,6.62,1.25,89387,67,1375
17031710100,16.79,24.79,17841,74,800
17031711100,21.23,17.22,39208,76,741
17031770800,14.26,3.74,58147,55,1142
17031800800,1.16,0.8,98125,52,2367
17031801605,3.26,0.8,136094,46,0
17031802605,7.4,4.06,98769,39,1628
17031803015,4.15,2.97,79596,43,1010
17097864410,2.23,3.63,155259,37,1825
17097864801,0.5,2.44,146602,56,1642
17097865502,2.07,3.21,158403,56,1644
17197880106,8.08,6.82,70685,44,1373
17031640500,9.85,2.95,85762,52,984
17031062100,2.56,4,91438,58,1578
17031063302,0,0.79,81638,67,1452
17031071200,1.26,0.63,114286,0,1644
17031130200,7.99,2.91,75875,28,1021
17031150502,9.37,3.27,63813,69,1154
17031190100,28.6,3.22,41103,70,868
17031220901,26.2,7.9,48438,0,1047
17031230400,26.63,15.41,57656,0,1136
17031251200,25.54,18.77,45610,0,1158
17031283800,7.73,11.67,76926,54,1211
17031301701,39.43,7.13,30742,0,741
17197880117,11.76,2.37,53321,43,1104
17197880309,3.25,2.89,152778,0,0
17197880421,3.86,4.88,113533,23,1760
17197881500,11.26,5.41,68750,65,1273
17197882701,18,6.6,81389,72,1139
17197883305,2.73,5.94,97455,38,1083
17197884006,5.82,3.33,68088,55,1284
17031241600,6.24,3,101615,68,1718
17031242500,10.77,4.76,72400,0,1385
17031671800,14.51,31.06,28036,0,1282
17031711000,15.64,16.92,43855,0,912
17031730700,15.5,16.87,51957,69,1193
17031770201,6.65,3.36,64215,37,1187
17031800400,0,2.38,250001,0,1750
17031801608,1.97,3.13,116432,40,2127
17031803017,3.74,1.27,93279,41,1362
17043841113,14.07,6.64,103403,42,1191
17031081201,0,2.97,94288,42,1852
17043841325,8.13,2.67,106321,34,1669
17031838800,25.69,13.88,27160,80,505
17037000200,8.63,8.39,72335,42,935
17089852907,25.63,4.5,60716,47,1093
17089854501,3.14,2.84,134664,18,1335
17089852300,4.63,3.41,62344,56,1223
17111870605,10.07,2.89,67500,41,1407
17111871306,5.62,2.97,87415,27,1447
17097860104,5.84,12.49,67448,49,1050
17097861504,18.62,6.63,75409,27,1194
17097863003,0.61,0.27,55682,0,1650
17097864002,26.8,3.85,66250,57,1289
17043846002,4.25,2.52,67857,49,1611
17043846510,3.87,2.75,79209,30,1614
17031440900,15.13,11.23,30417,0,915
17031030101,9.69,7.46,48207,60,991
17043846518,2.94,7.2,160263,0,1852
17031040202,13.08,7.5,47367,67,1169
17031808800,1.56,4.06,144853,0,1336
17031670700,13.31,24.11,27277,0,943
17043844501,4.87,3.57,81455,56,1595
17043844901,1.83,2.9,105972,58,1080
17043845506,8.37,3.63,47244,41,1233
17031160601,11.03,3.12,69375,0,1252
17089854001,10.17,2.9,83688,53,752
17097861803,24.87,4.61,60290,52,1033
17031830400,3.65,9.34,53920,64,1298
17031730201,10.73,15.57,26731,76,839
17197880203,21.67,3.11,71273,59,1543
17097861804,15.21,9.03,43846,57,871
17043845601,4.53,3.15,69769,48,1145
17043846105,7.01,4.9,135438,49,1527
17043846304,4.91,3.82,144583,30,1736
17043846404,4.05,2.44,74118,40,1313
17031817600,16.31,15.64,46181,0,985
17031060800,0.69,3.88,87552,53,1648
17031160800,22.99,3.88,63007,0,1228
17031711500,14.95,18.28,44851,72,1413
17031770901,12.87,4.28,75519,56,1010
17031803607,2.69,3.8,109516,56,1469
17031803606,41.29,4.05,51429,43,1065
17031750300,1.65,1.9,100595,72,1111
17031010701,7.34,3.87,60167,79,1090
17031020902,23.83,5.94,39484,63,1020
17197883507,4.55,4.87,110500,19,0
17043841323,6.19,5.36,94408,30,1425
17031381900,7.15,9.69,52641,74,790
